https://vladivostok.hh.ru/vacancy/30489255; ; от 45 000 до 65 000 руб. на руки
https://vladivostok.hh.ru/vacancy/30648949; ; от 23 000 до 25 000 руб. на руки
https://vladivostok.hh.ru/vacancy/30737055; ;  з/п не указана
https://vladivostok.hh.ru/vacancy/30555590; ; от 40 000 до 70 000 руб. на руки
https://vladivostok.hh.ru/vacancy/27259039; ; от 30 000 до 37 500 руб. до вычета НДФЛ
https://vladivostok.hh.ru/vacancy/29805081; ; от 45 000 руб. до вычета НДФЛ
https://vladivostok.hh.ru/vacancy/30709147; ; от 41 400 руб. до вычета НДФЛ
https://vladivostok.hh.ru/vacancy/29930502; ; от 36 000 до 55 000 руб. до вычета НДФЛ
https://vladivostok.hh.ru/vacancy/26722191; ;  з/п не указана
https://vladivostok.hh.ru/vacancy/29483509; ;  з/п не указана
https://vladivostok.hh.ru/vacancy/30651617; ;  з/п не указана
https://vladivostok.hh.ru/vacancy/30426908; ;  з/п не указана
https://vladivostok.hh.ru/vacancy/28832308; ;  з/п не указана
https://vladivostok.hh.ru/vacancy/30009793; ; от 40 000 руб. на руки
https://vladivostok.hh.ru/vacancy/30379994; ; от 23 000 до 33 000 руб. до вычета НДФЛ
https://vladivostok.hh.ru/vacancy/30100325; ; от 40 000 до 50 000 руб. на руки
https://vladivostok.hh.ru/vacancy/30361063; ;  з/п не указана
https://vladivostok.hh.ru/vacancy/30385129; ; от 45 000 до 100 000 руб. на руки
https://vladivostok.hh.ru/vacancy/30481952; ; от 25 000 до 25 000 руб. до вычета НДФЛ
https://vladivostok.hh.ru/vacancy/30580032; ; от 30 000 руб. на руки
https://vladivostok.hh.ru/vacancy/30504652; ; от 40 000 до 60 000 руб. до вычета НДФЛ
https://vladivostok.hh.ru/vacancy/30757435; ; от 80 000 руб. на руки
https://vladivostok.hh.ru/vacancy/30367454; ; от 45 000 до 50 000 руб. на руки
https://vladivostok.hh.ru/vacancy/29723686; ; от 35 000 до 60 000 руб. на руки
https://vladivostok.hh.ru/vacancy/30353026; ; от 50 000 руб. до вычета НДФЛ
https://vladivostok.hh.ru/vacancy/30379987; ; от 35 000 до 45 000 руб. на руки
https://vladivostok.hh.ru/vacancy/30696621; ;  з/п не указана
https://vladivostok.hh.ru/vacancy/29859743; ; от 35 000 руб. на руки
https://vladivostok.hh.ru/vacancy/30401202; ; от 70 000 руб. на руки
https://vladivostok.hh.ru/vacancy/30091258; ; от 39 000 до 47 600 руб. до вычета НДФЛ
https://vladivostok.hh.ru/vacancy/30387713; ; от 50 000 до 200 000 руб. на руки
https://vladivostok.hh.ru/vacancy/30340782; ; от 35 000 руб. на руки
https://vladivostok.hh.ru/vacancy/30739215; ;  з/п не указана
https://vladivostok.hh.ru/vacancy/22639894; ;  з/п не указана
https://vladivostok.hh.ru/vacancy/29644872; ;  з/п не указана
https://vladivostok.hh.ru/vacancy/30656308; ; до 54 216 руб. до вычета НДФЛ
https://vladivostok.hh.ru/vacancy/30768874; ; от 35 000 руб. на руки
https://vladivostok.hh.ru/vacancy/30276611; ; от 40 000 до 50 000 руб. на руки
https://vladivostok.hh.ru/vacancy/30484692; ; от 69 000 до 100 000 руб. до вычета НДФЛ
https://vladivostok.hh.ru/vacancy/30615939; ; от 30 000 до 40 000 руб. на руки
https://vladivostok.hh.ru/vacancy/29986428; ;  з/п не указана
https://vladivostok.hh.ru/vacancy/29416257; ; от 40 000 до 80 000 руб. на руки
https://vladivostok.hh.ru/vacancy/29745268; ;  з/п не указана
https://vladivostok.hh.ru/vacancy/30482535; ; от 40 000 руб. на руки
https://vladivostok.hh.ru/vacancy/29626517; ;  з/п не указана
https://vladivostok.hh.ru/vacancy/29836957; ; от 35 000 руб. на рукиhttps://vladivostok.hh.ru/vacancy/30644911; ; от 87 000 до 104 000 руб. на руки
https://vladivostok.hh.ru/vacancy/30447651; ;  з/п не указана
https://vladivostok.hh.ru/vacancy/26397246; ;  з/п не указана
https://vladivostok.hh.ru/vacancy/30685896; ; от 70 000 до 95 000 руб. на руки
https://vladivostok.hh.ru/vacancy/30340587; ; от 30 000 до 35 000 руб. до вычета НДФЛ
https://vladivostok.hh.ru/vacancy/30710282; ;  з/п не указана
https://vladivostok.hh.ru/vacancy/30298473; ; от 40 000 руб. до вычета НДФЛ
https://vladivostok.hh.ru/vacancy/30295726; ;  з/п не указана
https://vladivostok.hh.ru/vacancy/30587371; ; до 65 000 руб. на руки
https://vladivostok.hh.ru/vacancy/30351210; ; от 45 000 руб. на руки
https://vladivostok.hh.ru/vacancy/30647092; ; до 52 000 руб. на руки
https://vladivostok.hh.ru/vacancy/30522352; ; от 29 800 руб. до вычета НДФЛ
https://vladivostok.hh.ru/vacancy/29825467; ; от 50 000 до 60 000 руб. на руки
https://vladivostok.hh.ru/vacancy/29988021; ; от 56 000 до 56 000 руб. на руки
https://vladivostok.hh.ru/vacancy/30131287; ; от 32 000 до 39 000 руб. на руки
https://vladivostok.hh.ru/vacancy/30403539; ; от 35 000 руб. на руки
https://vladivostok.hh.ru/vacancy/30482572; ; от 40 000 руб. на руки
https://vladivostok.hh.ru/vacancy/30328533; ; от 60 000 руб. на руки
https://vladivostok.hh.ru/vacancy/29430870; ;  з/п не указана
https://vladivostok.hh.ru/vacancy/30687791; ;  з/п не указана
https://vladivostok.hh.ru/vacancy/30666899; ; от 65 000 до 70 000 руб. на руки
https://vladivostok.hh.ru/vacancy/30757289; ;  з/п не указана
https://vladivostok.hh.ru/vacancy/30757769; ; от 40 000 до 45 000 руб. до вычета НДФЛ
https://vladivostok.hh.ru/vacancy/30510608; ; от 45 000 до 50 000 руб. на руки
https://vladivostok.hh.ru/vacancy/30596090; ; от 100 000 руб. на руки
https://vladivostok.hh.ru/vacancy/30206775; ; от 50 000 руб. до вычета НДФЛ
https://vladivostok.hh.ru/vacancy/29925802; ;  з/п не указана
https://vladivostok.hh.ru/vacancy/30581762; ;  з/п не указана
https://vladivostok.hh.ru/vacancy/30598567; ;  з/п не указана
https://vladivostok.hh.ru/vacancy/30425356; ; от 50 000 до 55 000 руб. на руки
https://vladivostok.hh.ru/vacancy/30758745; ; от 32 000 до 32 000 руб. на руки
https://vladivostok.hh.ru/vacancy/28675844; ; до 150 000 руб. на руки
https://vladivostok.hh.ru/vacancy/27751524; ; до 55 000 руб. на руки
https://vladivostok.hh.ru/vacancy/30368582; ; от 55 000 руб. на руки
https://vladivostok.hh.ru/vacancy/30590877; ;  з/п не указана
https://vladivostok.hh.ru/vacancy/28208364; ; от 35 000 до 80 000 руб. до вычета НДФЛ
https://vladivostok.hh.ru/vacancy/30749000; ;  з/п не указана
https://vladivostok.hh.ru/vacancy/29634244; ;  з/п не указана
https://vladivostok.hh.ru/vacancy/30021370; ;  з/п не указана
https://vladivostok.hh.ru/vacancy/30361062; ;  з/п не указана
https://vladivostok.hh.ru/vacancy/30644770; ;  з/п не указана
https://vladivostok.hh.ru/vacancy/30669513; ;  з/п не указана
https://vladivostok.hh.ru/vacancy/30379938; ;  з/п не указана
https://vladivostok.hh.ru/vacancy/30231904; ; от 30 000 до 35 000 руб. на руки
https://vladivostok.hh.ru/vacancy/30735303; ; от 50 000 до 60 000 руб. на руки
https://vladivostok.hh.ru/vacancy/30086648; ;  з/п не указанаhttps://vladivostok.hh.ru/vacancy/30643255; ; от 65 000 до 70 000 руб. на руки
https://vladivostok.hh.ru/vacancy/30311595; ; от 40 000 руб. до вычета НДФЛ
https://vladivostok.hh.ru/vacancy/30151431; ; от 35 000 руб. на руки
https://vladivostok.hh.ru/vacancy/30656008; ; от 72 000 до 84 000 руб. до вычета НДФЛ
https://vladivostok.hh.ru/vacancy/30648396; ;  з/п не указана
https://vladivostok.hh.ru/vacancy/30426037; ; от 50 000 руб. на руки
https://vladivostok.hh.ru/vacancy/30052603; ; от 35 000 до 60 000 руб. на руки
https://vladivostok.hh.ru/vacancy/30665727; ; до 42 000 руб. на руки
https://vladivostok.hh.ru/vacancy/30716836; ; от 25 000 руб. на руки
https://vladivostok.hh.ru/vacancy/30086989; ;  з/п не указана
https://vladivostok.hh.ru/vacancy/30510621; ; от 45 000 до 50 000 руб. на руки
https://vladivostok.hh.ru/vacancy/30692012; ; от 50 000 до 50 000 руб. на руки
https://vladivostok.hh.ru/vacancy/30590840; ; от 45 500 руб. на руки
https://vladivostok.hh.ru/vacancy/29886401; ; от 26 000 до 32 000 руб. на руки
https://vladivostok.hh.ru/vacancy/30667395; ; от 50 000 до 100 000 руб. до вычета НДФЛ
https://vladivostok.hh.ru/vacancy/29620225; ; от 38 000 до 55 000 руб. до вычета НДФЛ
https://vladivostok.hh.ru/vacancy/28352171; ; от 25 000 до 35 000 руб. на руки
https://vladivostok.hh.ru/vacancy/30737902; ;  з/п не указана
https://vladivostok.hh.ru/vacancy/30565752; ;  з/п не указана
https://vladivostok.hh.ru/vacancy/30625484; ; от 35 000 до 45 000 руб. на руки
https://vladivostok.hh.ru/vacancy/30658508; ; от 25 000 до 60 000 руб. на руки
https://vladivostok.hh.ru/vacancy/30414465; ;  з/п не указана
https://vladivostok.hh.ru/vacancy/30388399; ; до 70 000 руб. на руки
https://vladivostok.hh.ru/vacancy/30429687; ; от 70 000 до 100 000 руб. на руки
https://vladivostok.hh.ru/vacancy/30410049; ;  з/п не указана
https://vladivostok.hh.ru/vacancy/30757518; ; от 45 000 до 55 000 руб. на руки
https://vladivostok.hh.ru/vacancy/30685924; ; от 45 000 до 50 000 руб. на руки
https://vladivostok.hh.ru/vacancy/30757794; ; от 70 000 до 85 000 руб. до вычета НДФЛ
https://vladivostok.hh.ru/vacancy/30380130; ;  з/п не указана
https://vladivostok.hh.ru/vacancy/30431872; ; до 100 000 руб. до вычета НДФЛ
https://vladivostok.hh.ru/vacancy/30594052; ; от 50 000 до 60 000 руб. на руки
https://vladivostok.hh.ru/vacancy/26921028; ; от 80 000 до 96 000 руб. до вычета НДФЛ
https://vladivostok.hh.ru/vacancy/30575956; ;  з/п не указана
https://vladivostok.hh.ru/vacancy/26995272; ; от 130 000 руб. на руки
https://vladivostok.hh.ru/vacancy/30631731; ;  з/п не указана
https://vladivostok.hh.ru/vacancy/30293893; ;  з/п не указана
https://vladivostok.hh.ru/vacancy/30466553; ;  з/п не указана
https://vladivostok.hh.ru/vacancy/30449385; ; от 47 000 до 50 000 руб. на руки
https://vladivostok.hh.ru/vacancy/30621202; ; от 70 000 до 80 000 руб. до вычета НДФЛ
https://vladivostok.hh.ru/vacancy/30580986; ; от 50 000 руб. на руки
https://vladivostok.hh.ru/vacancy/30760604; ;  з/п не указана
https://vladivostok.hh.ru/vacancy/30425959; ; от 60 000 до 120 000 руб. на руки
https://vladivostok.hh.ru/vacancy/30644765; ;  з/п не указана
https://vladivostok.hh.ru/vacancy/30747411; ; до 80 000 руб. до вычета НДФЛ
https://vladivostok.hh.ru/vacancy/30510673; ;  з/п не указана
https://vladivostok.hh.ru/vacancy/30738278; ; от 50 000 до 70 000 руб. до вычета НДФЛ
https://vladivostok.hh.ru/vacancy/30398366; ;  з/п не указана
https://vladivostok.hh.ru/vacancy/30747498; ; до 80 000 руб. до вычета НДФЛ
https://vladivostok.hh.ru/vacancy/30770158; ;  з/п не указана
https://vladivostok.hh.ru/vacancy/30380043; ; от 70 000 до 120 000 руб. на руки
https://vladivostok.hh.ru/vacancy/30281346; ; от 70 000 руб. до вычета НДФЛhttps://vladivostok.hh.ru/vacancy/30365054; ; от 40 000 руб. на руки
https://vladivostok.hh.ru/vacancy/30645086; ; от 30 000 до 40 000 руб. на руки
https://vladivostok.hh.ru/vacancy/30379983; ; от 40 000 до 45 000 руб. до вычета НДФЛ
https://vladivostok.hh.ru/vacancy/30401183; ; от 45 000 руб. на руки
https://vladivostok.hh.ru/vacancy/30538845; ;  з/п не указана
https://vladivostok.hh.ru/vacancy/30058175; ; от 50 000 руб. до вычета НДФЛ
https://vladivostok.hh.ru/vacancy/30151450; ;  з/п не указана
https://vladivostok.hh.ru/vacancy/30685820; ; от 60 000 до 80 000 руб. до вычета НДФЛ
https://vladivostok.hh.ru/vacancy/30482843; ; от 45 000 руб. на руки
https://vladivostok.hh.ru/vacancy/30211197; ; от 50 000 руб. на руки
https://vladivostok.hh.ru/vacancy/30667590; ; от 19 000 руб. до вычета НДФЛ
https://vladivostok.hh.ru/vacancy/30643234; ; от 40 000 руб. на руки
https://vladivostok.hh.ru/vacancy/28526827; ;  з/п не указана
https://vladivostok.hh.ru/vacancy/30481279; ; до 55 000 руб. на руки
https://vladivostok.hh.ru/vacancy/27846237; ;  з/п не указана
https://vladivostok.hh.ru/vacancy/30733633; ; от 74 000 до 91 000 руб. до вычета НДФЛ
https://vladivostok.hh.ru/vacancy/30621716; ; от 50 000 до 100 000 руб. до вычета НДФЛ
https://vladivostok.hh.ru/vacancy/30232640; ;  з/п не указана
https://vladivostok.hh.ru/vacancy/30720469; ; от 60 000 до 90 000 руб. на руки
https://vladivostok.hh.ru/vacancy/26431759; ; от 40 000 до 58 000 руб. на руки
https://vladivostok.hh.ru/vacancy/30380266; ;  з/п не указана
https://vladivostok.hh.ru/vacancy/30689414; ;  з/п не указана
https://vladivostok.hh.ru/vacancy/29524618; ; от 30 000 до 37 500 руб. до вычета НДФЛ
https://vladivostok.hh.ru/vacancy/29386905; ; от 36 000 до 45 000 руб. на руки
https://vladivostok.hh.ru/vacancy/28930314; ;  з/п не указана
https://vladivostok.hh.ru/vacancy/30114571; ; от 50 000 руб. на руки
https://vladivostok.hh.ru/vacancy/30464952; ;  з/п не указана
https://vladivostok.hh.ru/vacancy/30747016; ; от 40 000 до 60 000 руб. до вычета НДФЛ
https://vladivostok.hh.ru/vacancy/30608865; ;  з/п не указана
https://vladivostok.hh.ru/vacancy/30709246; ; от 30 000 до 50 000 руб. на руки
https://vladivostok.hh.ru/vacancy/30190897; ;  з/п не указана
https://vladivostok.hh.ru/vacancy/29430444; ; от 30 000 до 37 500 руб. до вычета НДФЛ
https://vladivostok.hh.ru/vacancy/29986662; ; от 41 000 до 43 000 руб. на руки
https://vladivostok.hh.ru/vacancy/29058898; ; от 50 000 руб. до вычета НДФЛ
https://vladivostok.hh.ru/vacancy/30574652; ; от 45 000 до 45 000 руб. на руки
https://vladivostok.hh.ru/vacancy/30643277; ; от 30 000 до 30 000 руб. на руки
https://vladivostok.hh.ru/vacancy/30401453; ;  з/п не указана
https://vladivostok.hh.ru/vacancy/30686852; ; от 45 000 руб. на руки
https://vladivostok.hh.ru/vacancy/30577605; ;  з/п не указана
https://vladivostok.hh.ru/vacancy/19187104; ; от 65 000 руб. на руки
https://vladivostok.hh.ru/vacancy/30274912; ; от 35 000 до 50 000 руб. на руки
https://vladivostok.hh.ru/vacancy/30471551; ; от 60 000 руб. до вычета НДФЛ
https://vladivostok.hh.ru/vacancy/29890940; ;  з/п не указана
https://vladivostok.hh.ru/vacancy/30733257; ; от 50 000 руб. на руки
https://vladivostok.hh.ru/vacancy/28934798; ;  з/п не указана
https://vladivostok.hh.ru/vacancy/29624999; ;  з/п не указана
https://vladivostok.hh.ru/vacancy/30688563; ;  з/п не указана
https://vladivostok.hh.ru/vacancy/30303706; ; от 61 000 руб. до вычета НДФЛ
https://vladivostok.hh.ru/vacancy/30687313; ; от 25 000 руб.
https://vladivostok.hh.ru/vacancy/30511853; ;  з/п не указана
https://vladivostok.hh.ru/vacancy/30426476; ; от 45 000 до 60 000 руб. на руки
https://vladivostok.hh.ru/vacancy/29728992; ; от 48 000 до 60 000 руб. до вычета НДФЛ
https://vladivostok.hh.ru/vacancy/30741236; ;  з/п не указана
https://vladivostok.hh.ru/vacancy/29183113; ; от 74 800 до 81 500 руб. на руки
https://vladivostok.hh.ru/vacancy/30432092; ; от 60 000 до 100 000 руб. до вычета НДФЛhttps://vladivostok.hh.ru/vacancy/30604219; ;  з/п не указана
https://vladivostok.hh.ru/vacancy/30510516; ; от 40 000 до 120 000 руб. на руки
https://vladivostok.hh.ru/vacancy/29822336; ;  з/п не указана
https://vladivostok.hh.ru/vacancy/30767966; ; от 60 000 до 80 000 руб. на руки
https://vladivostok.hh.ru/vacancy/29310391; ;  з/п не указана
https://vladivostok.hh.ru/vacancy/30609953; ; от 30 000 до 60 000 руб. на руки
https://vladivostok.hh.ru/vacancy/30755013; ; от 25 000 до 61 000 руб. до вычета НДФЛ
https://vladivostok.hh.ru/vacancy/29966864; ; от 50 000 до 50 000 руб. на руки
https://vladivostok.hh.ru/vacancy/30293685; ;  з/п не указана
https://vladivostok.hh.ru/vacancy/30741817; ;  з/п не указана
https://vladivostok.hh.ru/vacancy/30340697; ; от 30 000 до 50 000 руб. на руки
https://vladivostok.hh.ru/vacancy/30356050; ; от 40 000 руб. до вычета НДФЛ
https://vladivostok.hh.ru/vacancy/30470456; ; от 50 000 до 80 000 руб. до вычета НДФЛ
https://vladivostok.hh.ru/vacancy/30757228; ; от 50 000 до 60 000 руб. на руки
https://vladivostok.hh.ru/vacancy/29294526; ; от 60 000 руб. до вычета НДФЛ
https://vladivostok.hh.ru/vacancy/30467102; ; от 45 000 до 60 000 руб. на руки
https://vladivostok.hh.ru/vacancy/28419144; ;  з/п не указана
https://vladivostok.hh.ru/vacancy/24911492; ; от 37 000 руб. на руки
https://vladivostok.hh.ru/vacancy/30621504; ;  з/п не указана
https://vladivostok.hh.ru/vacancy/30688777; ;  з/п не указана
https://vladivostok.hh.ru/vacancy/30133193; ; от 30 000 до 70 000 руб. на руки
https://vladivostok.hh.ru/vacancy/28701876; ; от 60 000 до 100 000 руб. на руки
https://vladivostok.hh.ru/vacancy/30607628; ;  з/п не указана
https://vladivostok.hh.ru/vacancy/30775164; ; от 33 000 до 49 250 руб. до вычета НДФЛ
https://vladivostok.hh.ru/vacancy/29760083; ; от 50 000 руб. до вычета НДФЛ
https://vladivostok.hh.ru/vacancy/29997662; ; от 45 000 руб. на руки
https://vladivostok.hh.ru/vacancy/30211099; ; от 75 000 руб. до вычета НДФЛ
https://vladivostok.hh.ru/vacancy/30442365; ;  з/п не указана
https://vladivostok.hh.ru/vacancy/30503885; ;  з/п не указана
https://vladivostok.hh.ru/vacancy/30598202; ; от 54 100 до 63 200 руб. до вычета НДФЛ
https://vladivostok.hh.ru/vacancy/28063031; ;  з/п не указана
https://vladivostok.hh.ru/vacancy/30707523; ; от 50 000 руб. на руки
https://vladivostok.hh.ru/vacancy/30147235; ; от 80 000 руб. на руки
https://vladivostok.hh.ru/vacancy/30361069; ; от 28 900 до 28 900 руб. на руки
https://vladivostok.hh.ru/vacancy/30544114; ; от 30 000 до 50 000 руб. на руки
https://vladivostok.hh.ru/vacancy/30665165; ; от 60 000 до 65 000 руб. на руки
https://vladivostok.hh.ru/vacancy/25784221; ; от 50 000 до 110 000 руб. на руки
https://vladivostok.hh.ru/vacancy/30739032; ; от 70 000 до 75 000 руб. до вычета НДФЛ
https://vladivostok.hh.ru/vacancy/29620656; ; от 40 000 до 45 000 руб. на руки
https://vladivostok.hh.ru/vacancy/30065877; ;  з/п не указана
https://vladivostok.hh.ru/vacancy/30340676; ; от 35 000 до 45 000 руб. на руки
https://vladivostok.hh.ru/vacancy/30533195; ; от 40 000 до 45 000 руб. на рукиhttps://vladivostok.hh.ru/vacancy/30493524; ;  з/п не указана
https://vladivostok.hh.ru/vacancy/30597389; ; от 111 800 руб. на руки
https://vladivostok.hh.ru/vacancy/30434635; ; от 70 000 до 120 000 руб. до вычета НДФЛ
https://vladivostok.hh.ru/vacancy/30410279; ;  з/п не указана
https://vladivostok.hh.ru/vacancy/30596013; ;  з/п не указана
https://vladivostok.hh.ru/vacancy/30257008; ;  з/п не указана
https://vladivostok.hh.ru/vacancy/30165960; ; от 80 000 руб. до вычета НДФЛ
https://vladivostok.hh.ru/vacancy/30733251; ;  з/п не указана
https://vladivostok.hh.ru/vacancy/29772813; ; от 60 000 до 80 000 руб. на руки
https://vladivostok.hh.ru/vacancy/30398277; ;  з/п не указана
https://vladivostok.hh.ru/vacancy/30482390; ; от 48 000 до 48 000 руб. на руки
https://vladivostok.hh.ru/vacancy/29445352; ;  з/п не указана
https://vladivostok.hh.ru/vacancy/30758412; ;  з/п не указана
https://vladivostok.hh.ru/vacancy/29402432; ;  з/п не указана
https://vladivostok.hh.ru/vacancy/30299919; ; от 33 000 до 66 000 руб. до вычета НДФЛ
https://vladivostok.hh.ru/vacancy/30498273; ;  з/п не указана
https://vladivostok.hh.ru/vacancy/29454671; ; от 50 000 руб. на руки
https://vladivostok.hh.ru/vacancy/30735031; ;  з/п не указана
https://vladivostok.hh.ru/vacancy/30379990; ; до 40 000 руб. на руки
https://vladivostok.hh.ru/vacancy/29910557; ; от 60 000 до 70 000 руб. на руки
https://vladivostok.hh.ru/vacancy/30407293; ;  з/п не указана
https://vladivostok.hh.ru/vacancy/30741215; ;  з/п не указана
https://vladivostok.hh.ru/vacancy/29728886; ;  з/п не указана
https://vladivostok.hh.ru/vacancy/30380092; ; от 50 000 до 60 000 руб. на руки
https://vladivostok.hh.ru/vacancy/30510493; ; от 50 000 до 80 000 руб. на руки
https://vladivostok.hh.ru/vacancy/29837322; ;  з/п не указана
https://vladivostok.hh.ru/vacancy/30031719; ;  з/п не указана
https://vladivostok.hh.ru/vacancy/30379947; ;  з/п не указана
https://vladivostok.hh.ru/vacancy/29784366; ;  з/п не указана
https://vladivostok.hh.ru/vacancy/29829593; ; от 40 000 до 50 000 руб. на руки
https://vladivostok.hh.ru/vacancy/30379964; ; от 35 000 до 60 000 руб. до вычета НДФЛ
https://vladivostok.hh.ru/vacancy/30713558; ; от 25 000 до 40 000 руб. на руки
https://vladivostok.hh.ru/vacancy/30554289; ; до 66 000 руб. на руки
https://vladivostok.hh.ru/vacancy/30534268; ; от 50 000 до 80 000 руб. на руки
https://vladivostok.hh.ru/vacancy/30665110; ; от 80 000 до 90 000 руб. на руки
https://vladivostok.hh.ru/vacancy/29447708; ; от 34 000 руб. на руки
https://vladivostok.hh.ru/vacancy/30660992; ;  з/п не указана
https://vladivostok.hh.ru/vacancy/30453718; ;  з/п не указана
https://vladivostok.hh.ru/vacancy/29419417; ; от 200 000 руб. на руки
https://vladivostok.hh.ru/vacancy/30639660; ; от 60 000 руб. до вычета НДФЛ
https://vladivostok.hh.ru/vacancy/29512786; ; от 45 000 руб. на руки
https://vladivostok.hh.ru/vacancy/30447798; ; от 30 000 до 35 000 руб. на руки
https://vladivostok.hh.ru/vacancy/28436553; ;  з/п не указана
https://vladivostok.hh.ru/vacancy/30347902; ;  з/п не указана
https://vladivostok.hh.ru/vacancy/30380512; ; от 54 100 до 63 250 руб. на руки
https://vladivostok.hh.ru/vacancy/30736435; ;  з/п не указана
https://vladivostok.hh.ru/vacancy/28526826; ; от 33 000 до 33 000 руб. на руки
https://vladivostok.hh.ru/vacancy/30383603; ; от 100 000 руб. на руки
https://vladivostok.hh.ru/vacancy/29866010; ;  з/п не указана
https://vladivostok.hh.ru/vacancy/30302598; ;  з/п не указанаhttps://vladivostok.hh.ru/vacancy/30621474; ; от 26 900 до 26 900 руб. на руки
https://vladivostok.hh.ru/vacancy/30641449; ; от 60 000 руб. на руки
https://vladivostok.hh.ru/vacancy/29270852; ; от 40 000 руб. на руки
https://vladivostok.hh.ru/vacancy/30701844; ; от 55 000 руб. до вычета НДФЛ
https://vladivostok.hh.ru/vacancy/30775606; ; от 50 000 руб. до вычета НДФЛ
https://vladivostok.hh.ru/vacancy/30361055; ;  з/п не указана
https://vladivostok.hh.ru/vacancy/30529481; ; от 35 000 до 80 000 руб. до вычета НДФЛ
https://vladivostok.hh.ru/vacancy/30425872; ; до 75 000 руб. на руки
https://vladivostok.hh.ru/vacancy/14719380; ; от 35 000 до 40 000 руб. до вычета НДФЛ
https://vladivostok.hh.ru/vacancy/30164497; ;  з/п не указана
https://vladivostok.hh.ru/vacancy/29429581; ; от 50 000 руб. на руки
https://vladivostok.hh.ru/vacancy/30434252; ; от 100 000 до 120 000 руб. на руки
https://vladivostok.hh.ru/vacancy/30511951; ;  з/п не указана
https://vladivostok.hh.ru/vacancy/30481029; ;  з/п не указана
https://vladivostok.hh.ru/vacancy/30757768; ; от 30 000 до 40 000 руб. на руки
https://vladivostok.hh.ru/vacancy/30624651; ; от 40 000 руб. на руки
https://vladivostok.hh.ru/vacancy/30670121; ; от 40 000 руб. на руки
https://vladivostok.hh.ru/vacancy/30511573; ; от 30 000 руб. до вычета НДФЛ
https://vladivostok.hh.ru/vacancy/30380355; ; от 25 900 до 30 000 руб. до вычета НДФЛ
https://vladivostok.hh.ru/vacancy/30727593; ; от 60 000 до 60 000 руб. на руки
https://vladivostok.hh.ru/vacancy/30644672; ;  з/п не указана
https://vladivostok.hh.ru/vacancy/30709495; ;  з/п не указана
https://vladivostok.hh.ru/vacancy/30576259; ; от 30 000 до 35 000 руб. на руки
https://vladivostok.hh.ru/vacancy/30533247; ; от 45 000 руб. на руки
https://vladivostok.hh.ru/vacancy/30361005; ; от 35 000 до 60 000 руб. на руки
https://vladivostok.hh.ru/vacancy/25486620; ; от 40 000 до 70 000 руб. на руки
https://vladivostok.hh.ru/vacancy/30755556; ; от 55 000 руб. до вычета НДФЛ
https://vladivostok.hh.ru/vacancy/30739871; ;  з/п не указана
https://vladivostok.hh.ru/vacancy/30559978; ; от 45 000 руб. на руки
https://vladivostok.hh.ru/vacancy/30627156; ; от 50 000 до 120 000 руб. до вычета НДФЛ
https://vladivostok.hh.ru/vacancy/30289434; ; до 64 000 руб. до вычета НДФЛ
https://vladivostok.hh.ru/vacancy/29556222; ;  з/п не указана
https://vladivostok.hh.ru/vacancy/30429722; ; от 70 000 до 80 000 руб. на руки
https://vladivostok.hh.ru/vacancy/30507854; ;  з/п не указана
https://vladivostok.hh.ru/vacancy/30658550; ; от 37 350 руб. на руки
https://vladivostok.hh.ru/vacancy/30598203; ; от 25 000 руб. на руки
https://vladivostok.hh.ru/vacancy/30466886; ; от 20 000 до 30 000 руб. на руки
https://vladivostok.hh.ru/vacancy/30621502; ; от 45 000 до 70 000 руб. на руки
https://vladivostok.hh.ru/vacancy/30565396; ;  з/п не указана
https://vladivostok.hh.ru/vacancy/30510286; ; от 40 000 руб. на руки
https://vladivostok.hh.ru/vacancy/29402338; ; от 60 000 до 130 000 руб. на руки
https://vladivostok.hh.ru/vacancy/30626488; ; от 45 000 до 50 000 руб. на руки
https://vladivostok.hh.ru/vacancy/30409044; ; от 50 000 руб. на руки
https://vladivostok.hh.ru/vacancy/30380493; ; от 50 000 до 70 000 руб. на руки
https://vladivostok.hh.ru/vacancy/29402350; ; от 60 000 до 145 000 руб. на руки
https://vladivostok.hh.ru/vacancy/30643759; ; от 40 000 руб. на руки
https://vladivostok.hh.ru/vacancy/29889898; ;  з/п не указана
https://vladivostok.hh.ru/vacancy/30372740; ;  з/п не указана
https://vladivostok.hh.ru/vacancy/30361073; ; от 32 300 до 32 300 руб. на руки
https://vladivostok.hh.ru/vacancy/29976959; ; от 40 000 руб. до вычета НДФЛ
https://vladivostok.hh.ru/vacancy/30510603; ; от 45 000 до 50 000 руб. на рукиhttps://vladivostok.hh.ru/vacancy/30656996; ;  з/п не указана
https://vladivostok.hh.ru/vacancy/30568308; ;  з/п не указана
https://vladivostok.hh.ru/vacancy/30468095; ; от 30 000 руб. на руки
https://vladivostok.hh.ru/vacancy/30362778; ; от 55 000 до 75 000 руб. на руки
https://vladivostok.hh.ru/vacancy/28380309; ; от 50 000 до 100 000 руб. на руки
https://vladivostok.hh.ru/vacancy/30683216; ;  з/п не указана
https://vladivostok.hh.ru/vacancy/30712630; ; от 70 000 руб. на руки
https://vladivostok.hh.ru/vacancy/30688491; ;  з/п не указана
https://vladivostok.hh.ru/vacancy/30257553; ;  з/п не указана
https://vladivostok.hh.ru/vacancy/30585470; ;  з/п не указана
https://vladivostok.hh.ru/vacancy/29293795; ; от 50 000 руб. до вычета НДФЛ
https://vladivostok.hh.ru/vacancy/29874436; ; от 50 000 руб. на руки
https://vladivostok.hh.ru/vacancy/30483474; ; от 45 000 до 55 000 руб. на руки
https://vladivostok.hh.ru/vacancy/30534528; ;  з/п не указана
https://vladivostok.hh.ru/vacancy/28218287; ; от 45 000 до 55 000 руб. на руки
https://vladivostok.hh.ru/vacancy/30038015; ;  з/п не указана
https://vladivostok.hh.ru/vacancy/30574636; ;  з/п не указана
https://vladivostok.hh.ru/vacancy/30644973; ; от 113 000 до 126 000 руб. до вычета НДФЛ
https://vladivostok.hh.ru/vacancy/28981139; ; от 45 000 до 50 000 руб. до вычета НДФЛ
https://vladivostok.hh.ru/vacancy/29910075; ; от 65 000 до 80 000 руб. на руки
https://vladivostok.hh.ru/vacancy/30430004; ; от 80 000 до 100 000 руб. на руки
https://vladivostok.hh.ru/vacancy/29295574; ; от 50 000 руб. до вычета НДФЛ
https://vladivostok.hh.ru/vacancy/30408619; ;  з/п не указана
https://vladivostok.hh.ru/vacancy/30453733; ;  з/п не указана
https://vladivostok.hh.ru/vacancy/30665132; ; от 45 000 до 60 000 руб. на руки
https://vladivostok.hh.ru/vacancy/29697549; ;  з/п не указана
https://vladivostok.hh.ru/vacancy/30615390; ;  з/п не указана
https://vladivostok.hh.ru/vacancy/30289558; ; до 64 000 руб. до вычета НДФЛ
https://vladivostok.hh.ru/vacancy/30214886; ; от 55 000 до 55 000 руб. на руки
https://vladivostok.hh.ru/vacancy/30539446; ; от 35 000 руб. до вычета НДФЛ
https://vladivostok.hh.ru/vacancy/30294285; ; до 31 000 руб. на руки
https://vladivostok.hh.ru/vacancy/30713997; ; от 30 000 руб. на руки
https://vladivostok.hh.ru/vacancy/30647475; ; от 50 000 руб. на руки
https://vladivostok.hh.ru/vacancy/30679644; ; от 59 260 руб. до вычета НДФЛ
https://vladivostok.hh.ru/vacancy/30554426; ; от 34 000 до 34 000 руб. до вычета НДФЛ
https://vladivostok.hh.ru/vacancy/30296131; ;  з/п не указана
https://vladivostok.hh.ru/vacancy/30336427; ;  з/п не указана
https://vladivostok.hh.ru/vacancy/24843354; ; от 85 000 до 110 000 руб. до вычета НДФЛ
https://vladivostok.hh.ru/vacancy/28526825; ;  з/п не указана
https://vladivostok.hh.ru/vacancy/30380484; ; от 120 000 руб. на руки
https://vladivostok.hh.ru/vacancy/30361175; ;  з/п не указана
https://vladivostok.hh.ru/vacancy/30291474; ; от 50 000 руб. до вычета НДФЛ
https://vladivostok.hh.ru/vacancy/29898599; ;  з/п не указанаhttps://vladivostok.hh.ru/vacancy/30688897; ;  з/п не указана
https://vladivostok.hh.ru/vacancy/30483283; ;  з/п не указана
https://vladivostok.hh.ru/vacancy/30407687; ; от 120 000 до 150 000 руб. до вычета НДФЛ
https://vladivostok.hh.ru/vacancy/30762888; ; от 80 000 руб. на руки
https://vladivostok.hh.ru/vacancy/30669268; ; от 70 000 до 90 000 руб. на руки
https://vladivostok.hh.ru/vacancy/28877960; ; от 45 000 до 75 000 руб. на руки
https://vladivostok.hh.ru/vacancy/30578519; ;  з/п не указана
https://vladivostok.hh.ru/vacancy/29064511; ; от 33 000 руб. на руки
https://vladivostok.hh.ru/vacancy/30409794; ;  з/п не указана
https://vladivostok.hh.ru/vacancy/29643345; ; от 35 000 руб. на руки
https://vladivostok.hh.ru/vacancy/30169291; ; от 34 600 до 38 900 руб. до вычета НДФЛ
https://vladivostok.hh.ru/vacancy/30645685; ;  з/п не указана
https://vladivostok.hh.ru/vacancy/30557396; ; от 50 000 руб. на руки
https://vladivostok.hh.ru/vacancy/30368623; ;  з/п не указана
https://vladivostok.hh.ru/vacancy/30482560; ; от 50 000 руб. до вычета НДФЛ
https://vladivostok.hh.ru/vacancy/30574663; ; до 29 000 руб. до вычета НДФЛ
https://vladivostok.hh.ru/vacancy/30373204; ; от 150 000 руб. на руки
https://vladivostok.hh.ru/vacancy/30482509; ; от 35 000 руб. на руки
https://vladivostok.hh.ru/vacancy/30423856; ; от 60 000 до 110 000 руб. до вычета НДФЛ
https://vladivostok.hh.ru/vacancy/30766100; ; от 55 000 руб. на руки
https://vladivostok.hh.ru/vacancy/30447048; ; от 70 000 до 75 000 руб. на руки
https://vladivostok.hh.ru/vacancy/30655144; ; от 36 144 до 42 373 руб. до вычета НДФЛ
https://vladivostok.hh.ru/vacancy/29592858; ;  з/п не указана
https://vladivostok.hh.ru/vacancy/30485643; ; от 40 000 до 70 000 руб. до вычета НДФЛ
https://vladivostok.hh.ru/vacancy/30448855; ; от 55 000 до 65 000 руб. на руки
https://vladivostok.hh.ru/vacancy/28907851; ;  з/п не указана
https://vladivostok.hh.ru/vacancy/29559811; ; от 30 000 до 37 500 руб. до вычета НДФЛ
https://vladivostok.hh.ru/vacancy/30665094; ;  з/п не указана
https://vladivostok.hh.ru/vacancy/30692477; ;  з/п не указана
https://vladivostok.hh.ru/vacancy/30640770; ; от 35 000 до 65 000 руб. на руки
https://vladivostok.hh.ru/vacancy/30672644; ;  з/п не указана
https://vladivostok.hh.ru/vacancy/28930201; ; от 80 000 до 100 000 руб. на руки
https://vladivostok.hh.ru/vacancy/30669176; ;  з/п не указана
https://vladivostok.hh.ru/vacancy/30525418; ;  з/п не указана
https://vladivostok.hh.ru/vacancy/30595378; ; от 65 000 руб. на руки
https://vladivostok.hh.ru/vacancy/28526830; ; от 33 000 до 33 000 руб. на руки
https://vladivostok.hh.ru/vacancy/30429448; ;  з/п не указана
https://vladivostok.hh.ru/vacancy/30510587; ; от 45 000 до 50 000 руб. на руки
https://vladivostok.hh.ru/vacancy/30574606; ; от 25 000 до 100 000 руб. на руки
https://vladivostok.hh.ru/vacancy/30235725; ;  з/п не указана
https://vladivostok.hh.ru/vacancy/29535827; ;  з/п не указана
https://vladivostok.hh.ru/vacancy/30621500; ; от 70 000 до 80 000 руб. на руки
https://vladivostok.hh.ru/vacancy/30316838; ;  з/п не указана
https://vladivostok.hh.ru/vacancy/30644827; ; от 75 000 до 75 000 руб. на руки
https://vladivostok.hh.ru/vacancy/30562416; ; до 70 000 руб. на руки
https://vladivostok.hh.ru/vacancy/30510661; ;  з/п не указана
https://vladivostok.hh.ru/vacancy/30580627; ; от 35 000 до 45 000 руб. до вычета НДФЛ
https://vladivostok.hh.ru/vacancy/30430349; ;  з/п не указана
https://vladivostok.hh.ru/vacancy/30293521; ; от 30 000 до 60 000 руб. на руки
https://vladivostok.hh.ru/vacancy/30749068; ;  з/п не указанаhttps://vladivostok.hh.ru/vacancy/30293568; ; от 40 000 до 50 000 руб. на руки
https://vladivostok.hh.ru/vacancy/28817536; ; от 35 000 руб. до вычета НДФЛ
https://vladivostok.hh.ru/vacancy/30510888; ; от 30 000 до 35 000 руб. до вычета НДФЛ
https://vladivostok.hh.ru/vacancy/30765885; ; от 70 000 до 500 000 руб. до вычета НДФЛ
https://vladivostok.hh.ru/vacancy/30171550; ;  з/п не указана
https://vladivostok.hh.ru/vacancy/30529810; ; от 50 000 до 60 000 руб. до вычета НДФЛ
https://vladivostok.hh.ru/vacancy/30317604; ; от 40 000 до 50 000 руб. на руки
https://vladivostok.hh.ru/vacancy/29823153; ; от 70 000 до 80 000 руб. на руки
https://vladivostok.hh.ru/vacancy/30563323; ; от 60 000 руб. на руки
https://vladivostok.hh.ru/vacancy/30322594; ; от 39 480 до 39 480 руб. до вычета НДФЛ
https://vladivostok.hh.ru/vacancy/30094456; ;  з/п не указана
https://vladivostok.hh.ru/vacancy/28572139; ; от 50 000 руб. на руки
https://vladivostok.hh.ru/vacancy/30449347; ; от 28 000 до 35 000 руб. на руки
https://vladivostok.hh.ru/vacancy/28424220; ; от 50 000 руб. на руки
https://vladivostok.hh.ru/vacancy/30098476; ; от 45 000 до 60 000 руб. на руки
https://vladivostok.hh.ru/vacancy/30379995; ; от 35 000 до 40 000 руб. на руки
https://vladivostok.hh.ru/vacancy/30526553; ;  з/п не указана
https://vladivostok.hh.ru/vacancy/19425674; ; от 45 000 до 90 000 руб. на руки
https://vladivostok.hh.ru/vacancy/28437300; ;  з/п не указана
https://vladivostok.hh.ru/vacancy/30510147; ;  з/п не указана
https://vladivostok.hh.ru/vacancy/30486981; ;  з/п не указана
https://vladivostok.hh.ru/vacancy/28437286; ;  з/п не указана
https://vladivostok.hh.ru/vacancy/29454726; ; от 40 000 до 50 000 руб. на руки
https://vladivostok.hh.ru/vacancy/30576859; ;  з/п не указана
https://vladivostok.hh.ru/vacancy/29559807; ; от 30 000 до 37 500 руб. до вычета НДФЛ
https://vladivostok.hh.ru/vacancy/29724734; ; до 45 000 руб. до вычета НДФЛ
https://vladivostok.hh.ru/vacancy/30513513; ;  з/п не указана
https://vladivostok.hh.ru/vacancy/30725497; ; от 90 000 руб. до вычета НДФЛ
https://vladivostok.hh.ru/vacancy/30131672; ;  з/п не указана
https://vladivostok.hh.ru/vacancy/30738775; ; от 60 000 до 100 000 руб. на руки
https://vladivostok.hh.ru/vacancy/29430449; ; от 30 000 до 37 500 руб. до вычета НДФЛ
https://vladivostok.hh.ru/vacancy/30686448; ; от 100 000 до 150 000 руб. на руки
https://vladivostok.hh.ru/vacancy/30708974; ; от 50 000 до 100 000 руб. до вычета НДФЛ
https://vladivostok.hh.ru/vacancy/30314312; ; от 50 000 руб. на руки
https://vladivostok.hh.ru/vacancy/30362283; ; от 40 000 до 45 000 руб. на руки
https://vladivostok.hh.ru/vacancy/28674440; ;  з/п не указана
https://vladivostok.hh.ru/vacancy/30493381; ;  з/п не указана
https://vladivostok.hh.ru/vacancy/25394503; ; от 35 000 до 70 000 руб. на руки
https://vladivostok.hh.ru/vacancy/29775255; ; от 37 000 до 60 000 руб. до вычета НДФЛ
https://vladivostok.hh.ru/vacancy/30449028; ; от 60 000 до 70 000 руб. на руки
https://vladivostok.hh.ru/vacancy/30621835; ;  з/п не указана
https://vladivostok.hh.ru/vacancy/30625511; ; от 90 000 руб. на руки
https://vladivostok.hh.ru/vacancy/30539061; ;  з/п не указана
https://vladivostok.hh.ru/vacancy/27802586; ; от 60 000 до 150 000 руб. на руки
https://vladivostok.hh.ru/vacancy/29535075; ;  з/п не указана
https://vladivostok.hh.ru/vacancy/28791233; ; от 45 000 до 75 000 руб. на руки
https://vladivostok.hh.ru/vacancy/30615988; ;  з/п не указана
https://vladivostok.hh.ru/vacancy/30019275; ; от 35 000 руб. на руки
https://vladivostok.hh.ru/vacancy/30537092; ; от 55 000 до 60 000 руб. на руки
https://vladivostok.hh.ru/vacancy/30773902; ; от 25 000 до 95 000 руб. до вычета НДФЛ
https://vladivostok.hh.ru/vacancy/30555735; ;  з/п не указанаhttps://vladivostok.hh.ru/vacancy/30427489; ;  з/п не указана
https://vladivostok.hh.ru/vacancy/30733681; ; от 40 000 до 60 000 руб. на руки
https://vladivostok.hh.ru/vacancy/30341709; ; от 80 000 до 80 000 руб. на руки
https://vladivostok.hh.ru/vacancy/30028951; ; от 90 000 до 90 000 руб. на руки
https://vladivostok.hh.ru/vacancy/29590869; ; от 120 000 до 150 000 руб. на руки
https://vladivostok.hh.ru/vacancy/29157114; ;  з/п не указана
https://vladivostok.hh.ru/vacancy/30478674; ; от 30 000 руб. на руки
https://vladivostok.hh.ru/vacancy/30245335; ;  з/п не указана
https://vladivostok.hh.ru/vacancy/30466135; ;  з/п не указана
https://vladivostok.hh.ru/vacancy/30171733; ; от 80 000 до 80 000 руб. на руки
https://vladivostok.hh.ru/vacancy/30770113; ; от 100 000 руб. до вычета НДФЛ
https://vladivostok.hh.ru/vacancy/30482645; ;  з/п не указана
https://vladivostok.hh.ru/vacancy/30709746; ; от 50 000 руб. на руки
https://vladivostok.hh.ru/vacancy/29045423; ; от 130 000 руб. на руки
https://vladivostok.hh.ru/vacancy/30430840; ;  з/п не указана
https://vladivostok.hh.ru/vacancy/30358979; ; от 30 000 до 30 000 руб. на руки
https://vladivostok.hh.ru/vacancy/28735187; ; от 80 000 до 140 000 руб. на руки
https://vladivostok.hh.ru/vacancy/30380903; ; от 40 000 до 40 000 руб. на руки
https://vladivostok.hh.ru/vacancy/28757689; ; от 60 000 до 90 000 руб. на руки
https://vladivostok.hh.ru/vacancy/30629208; ; до 35 000 руб. на руки
https://vladivostok.hh.ru/vacancy/30039171; ;  з/п не указана
https://vladivostok.hh.ru/vacancy/30734361; ; от 81 000 до 108 000 руб. на руки
https://vladivostok.hh.ru/vacancy/29772523; ; от 26 000 руб. до вычета НДФЛ
https://vladivostok.hh.ru/vacancy/30685922; ; от 40 000 до 50 000 руб. на руки
https://vladivostok.hh.ru/vacancy/30578893; ;  з/п не указана
https://vladivostok.hh.ru/vacancy/29353298; ;  з/п не указана
https://vladivostok.hh.ru/vacancy/30482590; ; от 33 000 руб. на руки
https://vladivostok.hh.ru/vacancy/30482714; ; от 45 000 руб. до вычета НДФЛ
https://vladivostok.hh.ru/vacancy/30515124; ;  з/п не указана
https://vladivostok.hh.ru/vacancy/30467840; ;  з/п не указана
https://vladivostok.hh.ru/vacancy/30596356; ;  з/п не указана
https://vladivostok.hh.ru/vacancy/30408038; ; от 100 000 до 120 000 руб. на руки
https://vladivostok.hh.ru/vacancy/30321318; ;  з/п не указана
https://vladivostok.hh.ru/vacancy/30565777; ;  з/п не указана
https://vladivostok.hh.ru/vacancy/29655830; ; от 50 000 руб. до вычета НДФЛ
https://vladivostok.hh.ru/vacancy/29886978; ;  з/п не указана
https://vladivostok.hh.ru/vacancy/30431905; ; от 30 000 руб. до вычета НДФЛ
https://vladivostok.hh.ru/vacancy/30731428; ; от 25 000 руб. до вычета НДФЛ
https://vladivostok.hh.ru/vacancy/30380044; ; от 35 000 до 40 000 руб. на руки
https://vladivostok.hh.ru/vacancy/30510151; ;  з/п не указана
https://vladivostok.hh.ru/vacancy/27390830; ; от 80 000 до 100 000 руб. на руки
https://vladivostok.hh.ru/vacancy/27324127; ; от 27 000 руб. на рукиhttps://vladivostok.hh.ru/vacancy/30734450; ; от 30 000 до 30 000 руб. до вычета НДФЛ
https://vladivostok.hh.ru/vacancy/30645768; ; до 80 000 руб. на руки
https://vladivostok.hh.ru/vacancy/30152432; ;  з/п не указана
https://vladivostok.hh.ru/vacancy/29620499; ; от 100 000 руб. на руки
https://vladivostok.hh.ru/vacancy/30734191; ; от 33 000 до 40 000 руб. на руки
https://vladivostok.hh.ru/vacancy/28502687; ; от 27 000 до 35 000 руб. на руки
https://vladivostok.hh.ru/vacancy/30643391; ; от 35 000 до 35 000 руб. на руки
https://vladivostok.hh.ru/vacancy/30512425; ;  з/п не указана
https://vladivostok.hh.ru/vacancy/30686241; ; от 50 000 до 70 000 руб. на руки
https://vladivostok.hh.ru/vacancy/30653827; ; от 45 000 до 55 000 руб. на руки
https://vladivostok.hh.ru/vacancy/30574626; ;  з/п не указана
https://vladivostok.hh.ru/vacancy/30151540; ;  з/п не указана
https://vladivostok.hh.ru/vacancy/29183546; ; от 30 000 до 45 000 руб. на руки
https://vladivostok.hh.ru/vacancy/30477260; ; от 100 000 руб. на руки
https://vladivostok.hh.ru/vacancy/29963910; ;  з/п не указана
https://vladivostok.hh.ru/vacancy/29970752; ;  з/п не указана
https://vladivostok.hh.ru/vacancy/30298283; ; от 30 500 руб. на руки
https://vladivostok.hh.ru/vacancy/30486562; ;  з/п не указана
https://vladivostok.hh.ru/vacancy/29917029; ;  з/п не указана
https://vladivostok.hh.ru/vacancy/30465815; ; от 50 000 до 100 000 руб. до вычета НДФЛ
https://vladivostok.hh.ru/vacancy/30757395; ; от 60 000 руб. до вычета НДФЛ
https://vladivostok.hh.ru/vacancy/30110270; ;  з/п не указана
https://vladivostok.hh.ru/vacancy/30023225; ;  з/п не указана
https://vladivostok.hh.ru/vacancy/29491828; ; от 120 000 руб. до вычета НДФЛ
https://vladivostok.hh.ru/vacancy/30470848; ;  з/п не указана
https://vladivostok.hh.ru/vacancy/30380034; ; до 50 000 руб. на руки
https://vladivostok.hh.ru/vacancy/30653664; ; от 35 000 до 50 000 руб. до вычета НДФЛ
https://vladivostok.hh.ru/vacancy/29836724; ; от 30 000 до 37 500 руб. до вычета НДФЛ
https://vladivostok.hh.ru/vacancy/29526445; ;  з/п не указана
https://vladivostok.hh.ru/vacancy/27699088; ; от 50 000 до 80 000 руб. до вычета НДФЛ
https://vladivostok.hh.ru/vacancy/30401058; ;  з/п не указана
https://vladivostok.hh.ru/vacancy/28526828; ;  з/п не указана
https://vladivostok.hh.ru/vacancy/28593297; ; от 35 000 руб. на руки
https://vladivostok.hh.ru/vacancy/30482467; ;  з/п не указана
https://vladivostok.hh.ru/vacancy/30414575; ; от 40 000 до 45 000 руб. на руки
https://vladivostok.hh.ru/vacancy/30621245; ; от 60 000 до 70 000 руб. на рукиhttps://vladivostok.hh.ru/vacancy/30086812; ; от 40 000 руб. на руки
https://vladivostok.hh.ru/vacancy/30380032; ; от 50 000 до 60 000 руб. на руки
https://vladivostok.hh.ru/vacancy/30734319; ; от 35 000 руб. на руки
https://vladivostok.hh.ru/vacancy/18258591; ;  з/п не указана
https://vladivostok.hh.ru/vacancy/30648182; ;  з/п не указана
https://vladivostok.hh.ru/vacancy/30446964; ;  з/п не указана
https://vladivostok.hh.ru/vacancy/29445455; ;  з/п не указана
https://vladivostok.hh.ru/vacancy/29682940; ;  з/п не указана
https://vladivostok.hh.ru/vacancy/30318220; ; от 40 000 руб. на руки
https://vladivostok.hh.ru/vacancy/30753262; ; от 30 000 до 30 000 руб. на руки
https://vladivostok.hh.ru/vacancy/25394500; ; от 45 000 до 90 000 руб. на руки
https://vladivostok.hh.ru/vacancy/30164579; ;  з/п не указана
https://vladivostok.hh.ru/vacancy/30641495; ; от 150 000 руб. до вычета НДФЛ
https://vladivostok.hh.ru/vacancy/30647127; ;  з/п не указана
https://vladivostok.hh.ru/vacancy/30482466; ;  з/п не указана
https://vladivostok.hh.ru/vacancy/30707683; ;  з/п не указана
https://vladivostok.hh.ru/vacancy/30599815; ; от 25 000 до 30 000 руб. на руки
https://vladivostok.hh.ru/vacancy/30152782; ; от 50 000 руб. на руки
https://vladivostok.hh.ru/vacancy/30236318; ; от 35 000 до 50 000 руб. на руки
https://vladivostok.hh.ru/vacancy/30298679; ; от 50 000 руб. до вычета НДФЛ
https://vladivostok.hh.ru/vacancy/27458375; ; от 30 000 до 37 500 руб. до вычета НДФЛ
https://vladivostok.hh.ru/vacancy/30554183; ;  з/п не указана
https://vladivostok.hh.ru/vacancy/30576139; ; от 55 000 до 80 000 руб. до вычета НДФЛ
https://vladivostok.hh.ru/vacancy/30668234; ;  з/п не указана
https://vladivostok.hh.ru/vacancy/30759479; ;  з/п не указана
https://vladivostok.hh.ru/vacancy/28887640; ;  з/п не указана
https://vladivostok.hh.ru/vacancy/30534120; ; от 80 000 до 100 000 руб. на руки
https://vladivostok.hh.ru/vacancy/30757630; ; от 160 000 руб. на руки
https://vladivostok.hh.ru/vacancy/30275258; ; от 70 000 руб. до вычета НДФЛ
https://vladivostok.hh.ru/vacancy/30277685; ;  з/п не указана
https://vladivostok.hh.ru/vacancy/30148884; ; от 30 000 до 70 000 руб. на руки
https://vladivostok.hh.ru/vacancy/30584727; ; от 50 000 руб. на руки
https://vladivostok.hh.ru/vacancy/30173343; ; от 33 000 до 38 800 руб. на руки
https://vladivostok.hh.ru/vacancy/30428999; ; от 50 000 до 80 000 руб. на руки
https://vladivostok.hh.ru/vacancy/30643288; ; от 45 000 до 45 000 руб. на руки
https://vladivostok.hh.ru/vacancy/29727317; ; от 95 000 руб. до вычета НДФЛ
https://vladivostok.hh.ru/vacancy/30713972; ; от 80 000 до 100 000 руб. на руки
https://vladivostok.hh.ru/vacancy/30450127; ;  з/п не указана
https://vladivostok.hh.ru/vacancy/29315555; ;  з/п не указана
https://vladivostok.hh.ru/vacancy/30643261; ; от 120 000 руб. на руки
https://vladivostok.hh.ru/vacancy/30639518; ; от 50 000 руб. на руки
https://vladivostok.hh.ru/vacancy/30708956; ; от 70 000 руб. на руки
https://vladivostok.hh.ru/vacancy/29080349; ;  з/п не указана
https://vladivostok.hh.ru/vacancy/30190912; ;  з/п не указана
https://vladivostok.hh.ru/vacancy/29993038; ; от 60 000 до 80 000 руб. на руки
https://vladivostok.hh.ru/vacancy/30447792; ; от 50 000 до 75 000 руб. на руки
https://vladivostok.hh.ru/vacancy/30198056; ; от 50 000 руб. до вычета НДФЛhttps://vladivostok.hh.ru/vacancy/30709220; ; от 25 до 75 руб. до вычета НДФЛ
https://vladivostok.hh.ru/vacancy/30766384; ; до 66 000 руб. на руки
https://vladivostok.hh.ru/vacancy/30686194; ; от 20 000 до 50 000 руб. на руки
https://vladivostok.hh.ru/vacancy/30381326; ; от 40 000 до 60 000 руб. до вычета НДФЛ
https://vladivostok.hh.ru/vacancy/30436990; ; от 1 000 до 1 000 USD на руки
https://vladivostok.hh.ru/vacancy/29477844; ; от 35 000 до 35 000 руб. на руки
https://vladivostok.hh.ru/vacancy/30745909; ; от 90 000 до 135 000 руб. на руки
https://vladivostok.hh.ru/vacancy/30758903; ; от 25 000 руб. на руки
https://vladivostok.hh.ru/vacancy/29882895; ; от 60 000 до 60 000 руб. на руки
https://vladivostok.hh.ru/vacancy/30502620; ;  з/п не указана
https://vladivostok.hh.ru/vacancy/29641710; ;  з/п не указана
https://vladivostok.hh.ru/vacancy/30289252; ; от 32 000 руб. до вычета НДФЛ
https://vladivostok.hh.ru/vacancy/30276334; ;  з/п не указана
https://vladivostok.hh.ru/vacancy/30236524; ;  з/п не указана
https://vladivostok.hh.ru/vacancy/30523548; ;  з/п не указана
https://vladivostok.hh.ru/vacancy/28133959; ;  з/п не указана
https://vladivostok.hh.ru/vacancy/30622850; ; от 50 000 до 70 000 руб. на руки
https://vladivostok.hh.ru/vacancy/30674237; ; от 80 000 руб. на руки
https://vladivostok.hh.ru/vacancy/30511436; ; от 26 000 до 39 000 руб. на руки
https://vladivostok.hh.ru/vacancy/30511077; ;  з/п не указана
https://vladivostok.hh.ru/vacancy/25394498; ; от 35 000 до 70 000 руб. на руки
https://vladivostok.hh.ru/vacancy/30587617; ;  з/п не указана
https://vladivostok.hh.ru/vacancy/30653350; ;  з/п не указана
https://vladivostok.hh.ru/vacancy/30768244; ;  з/п не указана
https://vladivostok.hh.ru/vacancy/29833723; ; от 40 000 руб. на руки
https://vladivostok.hh.ru/vacancy/30258061; ;  з/п не указана
https://vladivostok.hh.ru/vacancy/28407767; ; от 40 000 до 49 000 руб. до вычета НДФЛ
https://vladivostok.hh.ru/vacancy/30511806; ;  з/п не указана
https://vladivostok.hh.ru/vacancy/29041309; ;  з/п не указана
https://vladivostok.hh.ru/vacancy/30554257; ;  з/п не указана
https://vladivostok.hh.ru/vacancy/30403228; ; от 40 000 до 51 000 руб. на руки
https://vladivostok.hh.ru/vacancy/30603925; ;  з/п не указана
https://vladivostok.hh.ru/vacancy/29294062; ; от 65 000 руб. до вычета НДФЛ
https://vladivostok.hh.ru/vacancy/30449580; ;  з/п не указана
https://vladivostok.hh.ru/vacancy/25394488; ; от 35 000 до 70 000 руб. на руки
https://vladivostok.hh.ru/vacancy/29744617; ; до 48 000 руб. на руки
https://vladivostok.hh.ru/vacancy/30379980; ; от 45 000 до 45 000 руб. на руки
https://vladivostok.hh.ru/vacancy/30607873; ; от 20 000 до 35 000 руб. на руки
https://vladivostok.hh.ru/vacancy/30580845; ; от 50 000 руб. на руки
https://vladivostok.hh.ru/vacancy/30594236; ;  з/п не указана
https://vladivostok.hh.ru/vacancy/30686513; ;  з/п не указана
https://vladivostok.hh.ru/vacancy/30578527; ;  з/п не указана
https://vladivostok.hh.ru/vacancy/30595986; ; от 20 000 руб. на рукиhttps://vladivostok.hh.ru/vacancy/30642046; ; от 100 000 руб. до вычета НДФЛ
https://vladivostok.hh.ru/vacancy/30534918; ; от 26 000 до 30 000 руб. на руки
https://vladivostok.hh.ru/vacancy/30655052; ; до 50 000 руб. на руки
https://vladivostok.hh.ru/vacancy/30425450; ;  з/п не указана
https://vladivostok.hh.ru/vacancy/29455131; ;  з/п не указана
https://vladivostok.hh.ru/vacancy/30447252; ; от 20 000 до 30 000 руб. на руки
https://vladivostok.hh.ru/vacancy/30110358; ; от 35 000 до 45 000 руб. на руки
https://vladivostok.hh.ru/vacancy/30466269; ; от 25 000 руб. на руки
https://vladivostok.hh.ru/vacancy/30425498; ; от 35 000 до 50 000 руб. до вычета НДФЛ
https://vladivostok.hh.ru/vacancy/28020069; ;  з/п не указана
https://vladivostok.hh.ru/vacancy/30643887; ; от 120 000 руб. на руки
https://vladivostok.hh.ru/vacancy/30720888; ;  з/п не указана
https://vladivostok.hh.ru/vacancy/29068217; ; от 45 000 руб. на руки
https://vladivostok.hh.ru/vacancy/30452287; ; от 46 600 до 46 600 руб. на руки
https://vladivostok.hh.ru/vacancy/26222688; ; до 170 000 руб. на руки
https://vladivostok.hh.ru/vacancy/30510281; ;  з/п не указана
https://vladivostok.hh.ru/vacancy/30534805; ; от 50 000 руб. на руки
https://vladivostok.hh.ru/vacancy/30533621; ;  з/п не указана
https://vladivostok.hh.ru/vacancy/30657800; ;  з/п не указана
https://vladivostok.hh.ru/vacancy/30692132; ;  з/п не указана
https://vladivostok.hh.ru/vacancy/30643591; ; от 80 000 до 100 000 руб. на руки
https://vladivostok.hh.ru/vacancy/30630225; ; от 60 000 до 90 000 руб. на руки
https://vladivostok.hh.ru/vacancy/30510149; ;  з/п не указана
https://vladivostok.hh.ru/vacancy/29998076; ; от 35 000 до 90 000 руб. на руки
https://vladivostok.hh.ru/vacancy/30086649; ;  з/п не указана
https://vladivostok.hh.ru/vacancy/30465799; ; от 40 000 до 45 000 руб. на руки
https://vladivostok.hh.ru/vacancy/30244420; ;  з/п не указана
https://vladivostok.hh.ru/vacancy/29746110; ; от 65 000 до 65 000 руб. на руки
https://vladivostok.hh.ru/vacancy/30733312; ;  з/п не указана
https://vladivostok.hh.ru/vacancy/29912742; ; до 44 000 руб. до вычета НДФЛ
https://vladivostok.hh.ru/vacancy/30325628; ;  з/п не указана
https://vladivostok.hh.ru/vacancy/30688650; ;  з/п не указана
https://vladivostok.hh.ru/vacancy/30317999; ;  з/п не указана
https://vladivostok.hh.ru/vacancy/30340663; ; от 40 000 до 65 000 руб. на руки
https://vladivostok.hh.ru/vacancy/28218838; ; от 50 000 руб. на руки
https://vladivostok.hh.ru/vacancy/29402963; ;  з/п не указана
https://vladivostok.hh.ru/vacancy/30485596; ; от 100 000 руб. на руки
https://vladivostok.hh.ru/vacancy/29931074; ; от 70 000 руб. на руки
https://vladivostok.hh.ru/vacancy/29591080; ;  з/п не указана
https://vladivostok.hh.ru/vacancy/29310094; ; от 50 000 руб. до вычета НДФЛ
https://vladivostok.hh.ru/vacancy/27426642; ; от 24 000 руб. до вычета НДФЛ
https://vladivostok.hh.ru/vacancy/30655557; ; от 35 000 руб. на руки
https://vladivostok.hh.ru/vacancy/30621840; ; от 55 000 руб. до вычета НДФЛ
https://vladivostok.hh.ru/vacancy/30709059; ;  з/п не указана
https://vladivostok.hh.ru/vacancy/28558941; ; до 170 000 руб. на руки
https://vladivostok.hh.ru/vacancy/30687249; ; от 80 000 руб. на рукиhttps://vladivostok.hh.ru/vacancy/30388910; ;  з/п не указана
https://vladivostok.hh.ru/vacancy/27706097; ;  з/п не указана
https://vladivostok.hh.ru/vacancy/30666277; ; от 50 000 руб. на руки
https://vladivostok.hh.ru/vacancy/29559744; ; от 25 900 до 30 000 руб. до вычета НДФЛ
https://vladivostok.hh.ru/vacancy/30757810; ; от 40 000 до 45 000 руб. до вычета НДФЛ
https://vladivostok.hh.ru/vacancy/30416323; ; от 50 000 до 70 000 руб. на руки
https://vladivostok.hh.ru/vacancy/30086661; ;  з/п не указана
https://vladivostok.hh.ru/vacancy/30447250; ;  з/п не указана
https://vladivostok.hh.ru/vacancy/30489244; ;  з/п не указана
https://vladivostok.hh.ru/vacancy/25354078; ; от 26 000 до 55 000 руб. до вычета НДФЛ
https://vladivostok.hh.ru/vacancy/30510383; ; от 30 000 до 40 000 руб. на руки
https://vladivostok.hh.ru/vacancy/29682498; ; от 34 000 до 55 000 руб. до вычета НДФЛ
https://vladivostok.hh.ru/vacancy/30768259; ; от 35 000 до 35 000 руб. на руки
https://vladivostok.hh.ru/vacancy/30362005; ; до 78 000 руб. на руки
https://vladivostok.hh.ru/vacancy/30412469; ; от 60 000 до 60 000 руб. на руки
https://vladivostok.hh.ru/vacancy/30469978; ;  з/п не указана
https://vladivostok.hh.ru/vacancy/30709232; ;  з/п не указана
https://vladivostok.hh.ru/vacancy/30716009; ;  з/п не указана
https://vladivostok.hh.ru/vacancy/30104006; ; от 120 000 руб. на руки
https://vladivostok.hh.ru/vacancy/30340592; ; от 50 000 руб. на руки
https://vladivostok.hh.ru/vacancy/30714232; ; от 27 000 до 31 500 руб. на руки
https://vladivostok.hh.ru/vacancy/30259440; ;  з/п не указана
https://vladivostok.hh.ru/vacancy/29728930; ;  з/п не указана
https://vladivostok.hh.ru/vacancy/29114742; ;  з/п не указана
https://vladivostok.hh.ru/vacancy/30733791; ; от 55 000 до 65 000 руб. до вычета НДФЛ
https://vladivostok.hh.ru/vacancy/30439143; ;  з/п не указана
https://vladivostok.hh.ru/vacancy/30323864; ; до 70 000 руб. до вычета НДФЛ
https://vladivostok.hh.ru/vacancy/30379981; ;  з/п не указана
https://vladivostok.hh.ru/vacancy/30685910; ; от 40 000 до 50 000 руб. на руки
https://vladivostok.hh.ru/vacancy/29846078; ;  з/п не указана
https://vladivostok.hh.ru/vacancy/30484192; ; от 60 000 до 70 000 руб. на руки
https://vladivostok.hh.ru/vacancy/30022023; ; от 40 000 до 40 000 руб. на руки
https://vladivostok.hh.ru/vacancy/30627075; ; от 25 000 до 30 000 руб. на руки
https://vladivostok.hh.ru/vacancy/28898793; ; от 40 000 руб. до вычета НДФЛ
https://vladivostok.hh.ru/vacancy/30293936; ; от 15 000 до 27 500 руб. на руки
https://vladivostok.hh.ru/vacancy/30086751; ; от 25 000 руб. до вычета НДФЛ
https://vladivostok.hh.ru/vacancy/30727653; ; от 45 000 руб. на руки
https://vladivostok.hh.ru/vacancy/30579374; ;  з/п не указана
https://vladivostok.hh.ru/vacancy/29976746; ; от 50 000 руб. на руки
https://vladivostok.hh.ru/vacancy/27757514; ; от 26 000 до 31 000 руб. до вычета НДФЛ
https://vladivostok.hh.ru/vacancy/30671329; ;  з/п не указана
https://vladivostok.hh.ru/vacancy/30662306; ; от 25 000 до 61 000 руб. до вычета НДФЛ
https://vladivostok.hh.ru/vacancy/30502925; ;  з/п не указана
https://vladivostok.hh.ru/vacancy/29559805; ; от 30 000 до 37 500 руб. до вычета НДФЛ
https://vladivostok.hh.ru/vacancy/29635030; ; от 150 000 руб. на руки
https://vladivostok.hh.ru/vacancy/29088814; ;  з/п не указана
https://vladivostok.hh.ru/vacancy/30596416; ; от 30 000 до 35 000 руб. на рукиhttps://vladivostok.hh.ru/vacancy/22203884; ; от 30 000 до 50 000 руб. до вычета НДФЛ
https://vladivostok.hh.ru/vacancy/30759368; ; от 58 000 до 58 000 руб. на руки
https://vladivostok.hh.ru/vacancy/30468056; ; от 40 000 руб. до вычета НДФЛ
https://vladivostok.hh.ru/vacancy/30596569; ; от 50 000 руб. на руки
https://vladivostok.hh.ru/vacancy/30355529; ;  з/п не указана
https://vladivostok.hh.ru/vacancy/18774635; ; от 35 000 до 70 000 руб. на руки
https://vladivostok.hh.ru/vacancy/29403278; ; от 30 000 до 60 000 руб. на руки
https://vladivostok.hh.ru/vacancy/28526831; ;  з/п не указана
https://vladivostok.hh.ru/vacancy/30731410; ;  з/п не указана
https://vladivostok.hh.ru/vacancy/30747190; ; до 80 000 руб. до вычета НДФЛ
https://vladivostok.hh.ru/vacancy/29986658; ; от 41 000 до 43 000 руб. на руки
https://vladivostok.hh.ru/vacancy/30594645; ; от 40 000 руб. на руки
https://vladivostok.hh.ru/vacancy/29824934; ; от 60 000 до 120 000 руб. на руки
https://vladivostok.hh.ru/vacancy/30708829; ;  з/п не указана
https://vladivostok.hh.ru/vacancy/30361912; ; от 60 000 до 80 000 руб. на руки
https://vladivostok.hh.ru/vacancy/30156390; ; от 30 000 руб. до вычета НДФЛ
https://vladivostok.hh.ru/vacancy/30654850; ; от 60 240 до 72 289 руб. до вычета НДФЛ
https://vladivostok.hh.ru/vacancy/30285641; ;  з/п не указана
https://vladivostok.hh.ru/vacancy/29309042; ; от 50 000 руб. на руки
https://vladivostok.hh.ru/vacancy/30051863; ; от 55 000 до 60 000 руб. на руки
https://vladivostok.hh.ru/vacancy/30734767; ;  з/п не указана
https://vladivostok.hh.ru/vacancy/23991438; ; от 22 000 до 50 000 руб. на руки
https://vladivostok.hh.ru/vacancy/30361258; ;  з/п не указана
https://vladivostok.hh.ru/vacancy/29817290; ; от 50 000 руб. на руки
https://vladivostok.hh.ru/vacancy/28011992; ; до 56 000 руб. до вычета НДФЛ
https://vladivostok.hh.ru/vacancy/30766423; ; от 20 000 до 50 000 руб. до вычета НДФЛ
https://vladivostok.hh.ru/vacancy/30398248; ;  з/п не указана
https://vladivostok.hh.ru/vacancy/30319867; ; от 60 000 руб. на руки
https://vladivostok.hh.ru/vacancy/30199452; ; от 54 000 руб. до вычета НДФЛ
https://vladivostok.hh.ru/vacancy/30647419; ; от 50 000 до 100 000 руб. на руки
https://vladivostok.hh.ru/vacancy/30520076; ;  з/п не указана
https://vladivostok.hh.ru/vacancy/30527214; ;  з/п не указана
https://vladivostok.hh.ru/vacancy/30401070; ; от 50 000 руб. до вычета НДФЛ
https://vladivostok.hh.ru/vacancy/30029077; ;  з/п не указана
https://vladivostok.hh.ru/vacancy/30747275; ; до 80 000 руб. до вычета НДФЛ
https://vladivostok.hh.ru/vacancy/30709254; ;  з/п не указана
https://vladivostok.hh.ru/vacancy/30361009; ; от 25 000 до 30 000 руб. на руки
https://vladivostok.hh.ru/vacancy/29886176; ; от 45 000 до 65 000 руб. на руки
https://vladivostok.hh.ru/vacancy/30383721; ;  з/п не указана
https://vladivostok.hh.ru/vacancy/30508136; ;  з/п не указана
https://vladivostok.hh.ru/vacancy/28380305; ;  з/п не указанаhttps://vladivostok.hh.ru/vacancy/30643232; ; от 65 000 до 70 000 руб. на руки
https://vladivostok.hh.ru/vacancy/29455381; ;  з/п не указана
https://vladivostok.hh.ru/vacancy/30686069; ;  з/п не указана
https://vladivostok.hh.ru/vacancy/30774133; ; от 54 216 до 78 313 руб. до вычета НДФЛ
https://vladivostok.hh.ru/vacancy/30648130; ;  з/п не указана
https://vladivostok.hh.ru/vacancy/30342739; ; от 80 000 до 130 000 руб. на руки
https://vladivostok.hh.ru/vacancy/30666161; ;  з/п не указана
https://vladivostok.hh.ru/vacancy/30556176; ; от 40 000 до 42 000 руб. на руки
https://vladivostok.hh.ru/vacancy/30519462; ; от 80 000 до 80 000 руб. до вычета НДФЛ
https://vladivostok.hh.ru/vacancy/30734587; ; от 40 000 до 125 000 руб. на руки
https://vladivostok.hh.ru/vacancy/29866726; ; от 40 000 до 70 000 руб. на руки
https://vladivostok.hh.ru/vacancy/30579012; ;  з/п не указана
https://vladivostok.hh.ru/vacancy/30534541; ; от 120 000 руб.
https://vladivostok.hh.ru/vacancy/30716442; ;  з/п не указана
https://vladivostok.hh.ru/vacancy/30293499; ; до 100 000 руб. на руки
https://vladivostok.hh.ru/vacancy/30688210; ;  з/п не указана
https://vladivostok.hh.ru/vacancy/30345144; ; от 30 000 до 30 000 руб. на руки
https://vladivostok.hh.ru/vacancy/29106896; ; от 25 000 до 45 000 руб. на руки
https://vladivostok.hh.ru/vacancy/30154264; ; от 40 000 до 60 000 руб. на руки
https://vladivostok.hh.ru/vacancy/30399180; ; от 25 000 до 70 000 руб. на руки
https://vladivostok.hh.ru/vacancy/30009810; ;  з/п не указана
https://vladivostok.hh.ru/vacancy/30644464; ; от 45 000 руб. на руки
https://vladivostok.hh.ru/vacancy/18741556; ; от 35 000 до 70 000 руб. на руки
https://vladivostok.hh.ru/vacancy/30688198; ;  з/п не указана
https://vladivostok.hh.ru/vacancy/30534649; ; от 50 000 руб. на руки
https://vladivostok.hh.ru/vacancy/28765019; ; от 35 000 до 45 000 руб. на руки
https://vladivostok.hh.ru/vacancy/30198986; ;  з/п не указана
https://vladivostok.hh.ru/vacancy/30401104; ; от 55 000 руб. на руки
https://vladivostok.hh.ru/vacancy/30447037; ; от 35 000 до 45 000 руб. на руки
https://vladivostok.hh.ru/vacancy/30264970; ;  з/п не указана
https://vladivostok.hh.ru/vacancy/29863256; ; от 50 000 до 65 000 руб. на руки
https://vladivostok.hh.ru/vacancy/30738339; ;  з/п не указана
https://vladivostok.hh.ru/vacancy/30361070; ; от 31 600 до 31 600 руб. на руки
https://vladivostok.hh.ru/vacancy/30533981; ; от 50 000 до 80 000 руб. на руки
https://vladivostok.hh.ru/vacancy/29962544; ;  з/п не указана
https://vladivostok.hh.ru/vacancy/30346106; ;  з/п не указана
https://vladivostok.hh.ru/vacancy/30609502; ;  з/п не указана
https://vladivostok.hh.ru/vacancy/30661365; ;  з/п не указана
https://vladivostok.hh.ru/vacancy/30483469; ;  з/п не указана
https://vladivostok.hh.ru/vacancy/28886656; ; от 30 000 до 100 000 руб. на руки
https://vladivostok.hh.ru/vacancy/30353878; ; до 35 000 руб. до вычета НДФЛ
https://vladivostok.hh.ru/vacancy/30621196; ;  з/п не указана
https://vladivostok.hh.ru/vacancy/30644166; ; от 25 000 руб. на руки
https://vladivostok.hh.ru/vacancy/30368183; ;  з/п не указана
https://vladivostok.hh.ru/vacancy/30403715; ; от 35 000 до 40 000 руб. на руки
https://vladivostok.hh.ru/vacancy/30438354; ; от 50 000 руб. до вычета НДФЛ
https://vladivostok.hh.ru/vacancy/30490228; ;  з/п не указана
https://vladivostok.hh.ru/vacancy/29416192; ; от 40 000 до 120 000 руб. на руки
https://vladivostok.hh.ru/vacancy/28455111; ; от 26 000 руб. до вычета НДФЛ
https://vladivostok.hh.ru/vacancy/30757353; ;  з/п не указана
https://vladivostok.hh.ru/vacancy/30381456; ;  з/п не указана
https://vladivostok.hh.ru/vacancy/30527565; ; от 50 000 руб. на руки
https://vladivostok.hh.ru/vacancy/30685862; ; от 90 000 до 120 000 руб. до вычета НДФЛ
https://vladivostok.hh.ru/vacancy/29569993; ; от 60 000 руб. на руки
https://vladivostok.hh.ru/vacancy/30687681; ;  з/п не указана
https://vladivostok.hh.ru/vacancy/29548961; ;  з/п не указанаhttps://vladivostok.hh.ru/vacancy/30643750; ; от 50 000 до 55 000 руб. на руки
https://vladivostok.hh.ru/vacancy/30594244; ;  з/п не указана
https://vladivostok.hh.ru/vacancy/30040062; ; от 40 000 до 65 000 руб. на руки
https://vladivostok.hh.ru/vacancy/30459314; ;  з/п не указана
https://vladivostok.hh.ru/vacancy/30598277; ; от 30 000 до 30 000 руб. на руки
https://vladivostok.hh.ru/vacancy/30373082; ; от 70 000 руб. на руки
https://vladivostok.hh.ru/vacancy/27715095; ; от 60 000 до 100 000 руб. на руки
https://vladivostok.hh.ru/vacancy/30574269; ; от 100 000 руб. на руки
https://vladivostok.hh.ru/vacancy/30546542; ;  з/п не указана
https://vladivostok.hh.ru/vacancy/30131331; ;  з/п не указана
https://vladivostok.hh.ru/vacancy/28767137; ; от 50 000 руб. до вычета НДФЛ
https://vladivostok.hh.ru/vacancy/30704775; ; от 50 000 до 150 000 руб. на руки
https://vladivostok.hh.ru/vacancy/30298043; ; от 80 000 до 200 000 руб. на руки
https://vladivostok.hh.ru/vacancy/30733526; ; от 25 000 до 40 000 руб. на руки
https://vladivostok.hh.ru/vacancy/30601520; ; от 40 000 руб. на руки
https://vladivostok.hh.ru/vacancy/30669751; ;  з/п не указана
https://vladivostok.hh.ru/vacancy/30665295; ;  з/п не указана
https://vladivostok.hh.ru/vacancy/30188286; ; от 55 000 руб. на руки
https://vladivostok.hh.ru/vacancy/30767925; ;  з/п не указана
https://vladivostok.hh.ru/vacancy/30665076; ;  з/п не указана
https://vladivostok.hh.ru/vacancy/30325703; ; от 40 000 руб. на руки
https://vladivostok.hh.ru/vacancy/30452934; ; от 55 000 до 55 000 руб. на руки
https://vladivostok.hh.ru/vacancy/30313201; ; от 70 000 руб. до вычета НДФЛ
https://vladivostok.hh.ru/vacancy/30769306; ;  з/п не указана
https://vladivostok.hh.ru/vacancy/30504885; ;  з/п не указана
https://vladivostok.hh.ru/vacancy/30686739; ; от 100 000 до 120 000 руб. на руки
https://vladivostok.hh.ru/vacancy/29772672; ; от 40 000 до 60 000 руб. на руки
https://vladivostok.hh.ru/vacancy/30268692; ;  з/п не указана
https://vladivostok.hh.ru/vacancy/27421934; ; от 30 000 до 37 500 руб. до вычета НДФЛ
https://vladivostok.hh.ru/vacancy/30481366; ; от 35 000 до 50 000 руб. до вычета НДФЛ
https://vladivostok.hh.ru/vacancy/29393753; ;  з/п не указана
https://vladivostok.hh.ru/vacancy/30452598; ;  з/п не указана
https://vladivostok.hh.ru/vacancy/30621447; ; от 40 000 до 50 000 руб. на руки
https://vladivostok.hh.ru/vacancy/30459171; ; от 50 000 до 70 000 руб. на руки
https://vladivostok.hh.ru/vacancy/30677438; ;  з/п не указана
https://vladivostok.hh.ru/vacancy/29115026; ;  з/п не указана
https://vladivostok.hh.ru/vacancy/30742123; ; от 45 000 до 60 000 руб. на руки
https://vladivostok.hh.ru/vacancy/30288815; ; до 64 000 руб. до вычета НДФЛ
https://vladivostok.hh.ru/vacancy/29705517; ; от 50 000 до 80 000 руб. на руки
https://vladivostok.hh.ru/vacancy/28905850; ; от 45 000 до 75 000 руб. на руки
https://vladivostok.hh.ru/vacancy/30708815; ;  з/п не указана
https://vladivostok.hh.ru/vacancy/30466303; ; от 50 000 до 50 000 руб. на руки
https://vladivostok.hh.ru/vacancy/30293822; ; от 80 000 до 150 000 руб. на руки
https://vladivostok.hh.ru/vacancy/30135873; ; от 55 000 руб. до вычета НДФЛ
https://vladivostok.hh.ru/vacancy/29626003; ;  з/п не указанаhttps://vladivostok.hh.ru/vacancy/30348590; ;  з/п не указана
https://vladivostok.hh.ru/vacancy/25668370; ;  з/п не указана
https://vladivostok.hh.ru/vacancy/30627494; ; от 50 000 до 100 000 руб. до вычета НДФЛ
https://vladivostok.hh.ru/vacancy/30695964; ;  з/п не указана
https://vladivostok.hh.ru/vacancy/29723139; ;  з/п не указана
https://vladivostok.hh.ru/vacancy/30632294; ;  з/п не указана
https://vladivostok.hh.ru/vacancy/29777115; ; от 50 000 до 80 000 руб. на руки
https://vladivostok.hh.ru/vacancy/30665109; ; от 40 000 до 50 000 руб. на руки
https://vladivostok.hh.ru/vacancy/30757647; ; от 70 000 до 80 000 руб. до вычета НДФЛ
https://vladivostok.hh.ru/vacancy/30511780; ;  з/п не указана
https://vladivostok.hh.ru/vacancy/30297405; ;  з/п не указана
https://vladivostok.hh.ru/vacancy/30624676; ; до 55 000 руб. до вычета НДФЛ
https://vladivostok.hh.ru/vacancy/30485172; ; до 50 000 руб. на руки
https://vladivostok.hh.ru/vacancy/30666080; ; от 45 000 руб. на руки
https://vladivostok.hh.ru/vacancy/30758975; ;  з/п не указана
https://vladivostok.hh.ru/vacancy/29295820; ; от 32 000 руб. до вычета НДФЛ
https://vladivostok.hh.ru/vacancy/29761719; ; от 40 000 до 60 000 руб. на руки
https://vladivostok.hh.ru/vacancy/30757226; ;  з/п не указана
https://vladivostok.hh.ru/vacancy/30294222; ; от 30 000 руб. на руки
https://vladivostok.hh.ru/vacancy/30647974; ;  з/п не указана
https://vladivostok.hh.ru/vacancy/29986471; ; от 50 000 до 70 000 руб. на руки
https://vladivostok.hh.ru/vacancy/29353138; ; до 42 000 руб. на руки
https://vladivostok.hh.ru/vacancy/29576489; ; от 50 000 руб. на руки
https://vladivostok.hh.ru/vacancy/30451683; ; от 37 000 руб. на руки
https://vladivostok.hh.ru/vacancy/29227364; ; от 90 000 руб. на руки
https://vladivostok.hh.ru/vacancy/28477621; ;  з/п не указана
https://vladivostok.hh.ru/vacancy/30401221; ; от 25 000 до 40 000 руб. на руки
https://vladivostok.hh.ru/vacancy/30318718; ;  з/п не указана
https://vladivostok.hh.ru/vacancy/30574639; ; от 25 000 до 35 000 руб. на руки
https://vladivostok.hh.ru/vacancy/29765215; ;  з/п не указана
https://vladivostok.hh.ru/vacancy/30301812; ;  з/п не указана
https://vladivostok.hh.ru/vacancy/30217851; ;  з/п не указана
https://vladivostok.hh.ru/vacancy/29757538; ;  з/п не указана
https://vladivostok.hh.ru/vacancy/25978224; ; до 50 000 руб. до вычета НДФЛ
https://vladivostok.hh.ru/vacancy/30754746; ; от 50 000 руб. до вычета НДФЛ
https://vladivostok.hh.ru/vacancy/30510637; ; от 30 000 до 60 000 руб. на руки
https://vladivostok.hh.ru/vacancy/29353220; ; от 50 000 до 70 000 руб. на руки
https://vladivostok.hh.ru/vacancy/27129334; ;  з/п не указана
https://vladivostok.hh.ru/vacancy/30027813; ; от 65 000 до 84 500 руб. до вычета НДФЛ
https://vladivostok.hh.ru/vacancy/30190139; ; от 70 000 руб. на руки
https://vladivostok.hh.ru/vacancy/30466293; ;  з/п не указана
https://vladivostok.hh.ru/vacancy/29865745; ;  з/п не указана
https://vladivostok.hh.ru/vacancy/28757686; ; от 60 000 до 90 000 руб. на руки
https://vladivostok.hh.ru/vacancy/30380026; ; от 30 000 до 35 000 руб. на руки
https://vladivostok.hh.ru/vacancy/30407397; ; от 40 000 до 70 000 руб. на руки
https://vladivostok.hh.ru/vacancy/30429804; ;  з/п не указана
https://vladivostok.hh.ru/vacancy/30304332; ;  з/п не указана
https://vladivostok.hh.ru/vacancy/30579090; ; от 60 000 руб. на руки
https://vladivostok.hh.ru/vacancy/28606782; ; от 60 000 до 80 000 руб. на руки
https://vladivostok.hh.ru/vacancy/29472483; ; от 33 000 до 33 000 руб. до вычета НДФЛhttps://vladivostok.hh.ru/vacancy/30308382; ;  з/п не указана
https://vladivostok.hh.ru/vacancy/30447790; ; от 40 000 до 65 000 руб. на руки
https://vladivostok.hh.ru/vacancy/29430463; ; от 30 000 до 37 500 руб. до вычета НДФЛ
https://vladivostok.hh.ru/vacancy/30738637; ;  з/п не указана
https://vladivostok.hh.ru/vacancy/30510169; ; от 70 000 до 100 000 руб. на руки
https://vladivostok.hh.ru/vacancy/29332472; ;  з/п не указана
https://vladivostok.hh.ru/vacancy/30257983; ;  з/п не указана
https://vladivostok.hh.ru/vacancy/30534377; ;  з/п не указана
https://vladivostok.hh.ru/vacancy/30361208; ;  з/п не указана
https://vladivostok.hh.ru/vacancy/30733229; ; от 32 000 до 32 000 руб. на руки
https://vladivostok.hh.ru/vacancy/27785738; ; от 50 000 до 96 000 руб. до вычета НДФЛ
https://vladivostok.hh.ru/vacancy/30612591; ;  з/п не указана
https://vladivostok.hh.ru/vacancy/30052932; ;  з/п не указана
https://vladivostok.hh.ru/vacancy/30598252; ;  з/п не указана
https://vladivostok.hh.ru/vacancy/29797549; ; от 30 000 до 50 000 руб. на руки
https://vladivostok.hh.ru/vacancy/30430346; ;  з/п не указана
https://vladivostok.hh.ru/vacancy/30578165; ; от 100 000 руб. на руки
https://vladivostok.hh.ru/vacancy/29869840; ;  з/п не указана
https://vladivostok.hh.ru/vacancy/30379974; ; от 35 000 до 40 000 руб. на руки
https://vladivostok.hh.ru/vacancy/30404465; ; от 40 000 до 45 000 руб. на руки
https://vladivostok.hh.ru/vacancy/30318085; ; от 50 000 руб. на руки
https://vladivostok.hh.ru/vacancy/29882995; ; от 60 000 до 80 000 руб. на руки
https://vladivostok.hh.ru/vacancy/29620694; ; от 30 000 до 60 000 руб. на руки
https://vladivostok.hh.ru/vacancy/30686164; ; от 50 000 до 70 000 руб. на руки
https://vladivostok.hh.ru/vacancy/30286941; ;  з/п не указана
https://vladivostok.hh.ru/vacancy/29470687; ; от 24 000 до 24 000 руб. на руки
https://vladivostok.hh.ru/vacancy/30402747; ;  з/п не указана
https://vladivostok.hh.ru/vacancy/29561910; ; от 30 000 до 60 000 руб. на руки
https://vladivostok.hh.ru/vacancy/30647787; ;  з/п не указана
https://vladivostok.hh.ru/vacancy/30361130; ;  з/п не указана
https://vladivostok.hh.ru/vacancy/30606346; ;  з/п не указана
https://vladivostok.hh.ru/vacancy/29353446; ; от 30 000 до 30 000 руб. на руки
https://vladivostok.hh.ru/vacancy/30760423; ;  з/п не указана
https://vladivostok.hh.ru/vacancy/30414330; ; от 33 000 до 35 000 руб. до вычета НДФЛ
https://vladivostok.hh.ru/vacancy/30403836; ;  з/п не указана
https://vladivostok.hh.ru/vacancy/30381376; ; от 20 000 до 100 000 руб. на руки
https://vladivostok.hh.ru/vacancy/29136461; ;  з/п не указана
https://vladivostok.hh.ru/vacancy/29967439; ; от 70 000 до 100 000 руб. до вычета НДФЛ
https://vladivostok.hh.ru/vacancy/30595999; ; от 20 000 до 35 000 руб. на руки
https://vladivostok.hh.ru/vacancy/28223339; ; от 44 000 руб. до вычета НДФЛ
https://vladivostok.hh.ru/vacancy/29797783; ; от 35 000 руб. на руки
https://vladivostok.hh.ru/vacancy/30361944; ; от 100 000 до 150 000 руб. до вычета НДФЛ
https://vladivostok.hh.ru/vacancy/30754083; ;  з/п не указана
https://vladivostok.hh.ru/vacancy/29986432; ;  з/п не указана
https://vladivostok.hh.ru/vacancy/29966942; ; от 50 000 руб. на руки
https://vladivostok.hh.ru/vacancy/22202320; ; от 2 000 до 2 000 USD до вычета НДФЛ
https://vladivostok.hh.ru/vacancy/30747859; ; до 80 000 руб. до вычета НДФЛ
https://vladivostok.hh.ru/vacancy/30598878; ; до 35 000 руб. на руки
https://vladivostok.hh.ru/vacancy/30599220; ; от 40 000 до 43 000 руб. на руки
https://vladivostok.hh.ru/vacancy/30742389; ; от 40 000 до 50 000 руб. на руки
https://vladivostok.hh.ru/vacancy/29587128; ; от 45 000 до 45 000 руб. на руки
https://vladivostok.hh.ru/vacancy/30759387; ; от 40 000 руб. на руки
https://vladivostok.hh.ru/vacancy/30029019; ;  з/п не указана
https://vladivostok.hh.ru/vacancy/30466954; ; от 85 000 до 85 000 руб. на рукиhttps://vladivostok.hh.ru/vacancy/30482503; ; от 40 000 руб. на руки
https://vladivostok.hh.ru/vacancy/30086659; ;  з/п не указана
https://vladivostok.hh.ru/vacancy/29964086; ; от 70 000 руб. на руки
https://vladivostok.hh.ru/vacancy/30031755; ;  з/п не указана
https://vladivostok.hh.ru/vacancy/30112388; ;  з/п не указана
https://vladivostok.hh.ru/vacancy/30599818; ; от 25 000 руб. на руки
https://vladivostok.hh.ru/vacancy/30759686; ;  з/п не указана
https://vladivostok.hh.ru/vacancy/30597596; ; от 111 800 руб. на руки
https://vladivostok.hh.ru/vacancy/30144060; ; от 30 000 до 35 000 руб. на руки
https://vladivostok.hh.ru/vacancy/19322749; ; от 40 000 до 80 000 руб.
https://vladivostok.hh.ru/vacancy/30482494; ; от 80 000 руб.
https://vladivostok.hh.ru/vacancy/30403824; ;  з/п не указана
https://vladivostok.hh.ru/vacancy/30734855; ;  з/п не указана
https://vladivostok.hh.ru/vacancy/30672977; ; от 60 000 руб. на руки
https://vladivostok.hh.ru/vacancy/28978699; ; от 100 000 до 300 000 руб. на руки
https://vladivostok.hh.ru/vacancy/30346564; ; от 30 000 руб. на руки
https://vladivostok.hh.ru/vacancy/30319277; ;  з/п не указана
https://vladivostok.hh.ru/vacancy/29729096; ; от 48 000 до 60 000 руб. до вычета НДФЛ
https://vladivostok.hh.ru/vacancy/30038566; ;  з/п не указана
https://vladivostok.hh.ru/vacancy/30493430; ;  з/п не указана
https://vladivostok.hh.ru/vacancy/30596068; ; от 35 000 до 40 000 руб. на руки
https://vladivostok.hh.ru/vacancy/29445321; ;  з/п не указана
https://vladivostok.hh.ru/vacancy/29948419; ;  з/п не указана
https://vladivostok.hh.ru/vacancy/29887955; ; от 30 000 до 65 000 руб. на руки
https://vladivostok.hh.ru/vacancy/30510624; ; от 40 000 руб. на руки
https://vladivostok.hh.ru/vacancy/29882725; ; от 25 000 до 30 000 руб. на руки
https://vladivostok.hh.ru/vacancy/30574903; ; от 90 000 руб. на руки
https://vladivostok.hh.ru/vacancy/30687396; ; от 50 000 руб. на руки
https://vladivostok.hh.ru/vacancy/29851474; ; от 47 000 руб. до вычета НДФЛ
https://vladivostok.hh.ru/vacancy/30086840; ;  з/п не указана
https://vladivostok.hh.ru/vacancy/29477125; ;  з/п не указана
https://vladivostok.hh.ru/vacancy/30005735; ;  з/п не указана
https://vladivostok.hh.ru/vacancy/30085303; ; от 65 000 до 100 000 руб. на руки
https://vladivostok.hh.ru/vacancy/30734586; ;  з/п не указана
https://vladivostok.hh.ru/vacancy/30014410; ; от 50 000 до 60 000 руб. на руки
https://vladivostok.hh.ru/vacancy/30053041; ;  з/п не указана
https://vladivostok.hh.ru/vacancy/29965562; ;  з/п не указана
https://vladivostok.hh.ru/vacancy/30292966; ; до 64 000 руб. до вычета НДФЛ
https://vladivostok.hh.ru/vacancy/29556896; ;  з/п не указана
https://vladivostok.hh.ru/vacancy/30086673; ; от 35 000 руб. на руки
https://vladivostok.hh.ru/vacancy/30014554; ;  з/п не указана
https://vladivostok.hh.ru/vacancy/30398438; ;  з/п не указана
https://vladivostok.hh.ru/vacancy/30596117; ; от 40 000 руб. на руки
https://vladivostok.hh.ru/vacancy/30256996; ; от 35 000 руб. на руки
https://vladivostok.hh.ru/vacancy/30625059; ; от 50 000 до 60 000 руб. на руки
https://vladivostok.hh.ru/vacancy/30667245; ; от 50 000 до 150 000 руб. на рукиhttps://vladivostok.hh.ru/vacancy/30579312; ;  з/п не указана
https://vladivostok.hh.ru/vacancy/30596001; ;  з/п не указана
https://vladivostok.hh.ru/vacancy/30709724; ;  з/п не указана
https://vladivostok.hh.ru/vacancy/30739133; ;  з/п не указана
https://vladivostok.hh.ru/vacancy/29851963; ; от 50 000 до 120 000 руб. до вычета НДФЛ
https://vladivostok.hh.ru/vacancy/30510182; ; до 60 000 руб. до вычета НДФЛ
https://vladivostok.hh.ru/vacancy/30634098; ;  з/п не указана
https://vladivostok.hh.ru/vacancy/29441588; ; от 100 000 руб. на руки
https://vladivostok.hh.ru/vacancy/30686134; ; от 80 000 руб. на руки
https://vladivostok.hh.ru/vacancy/30401346; ; от 150 000 руб. на руки
https://vladivostok.hh.ru/vacancy/30086662; ;  з/п не указана
https://vladivostok.hh.ru/vacancy/29837257; ; от 70 000 до 80 000 руб. на руки
https://vladivostok.hh.ru/vacancy/29632211; ; от 40 000 до 60 000 руб. на руки
https://vladivostok.hh.ru/vacancy/30152015; ; от 40 000 руб. на руки
https://vladivostok.hh.ru/vacancy/30086656; ;  з/п не указана
https://vladivostok.hh.ru/vacancy/30155670; ; от 50 000 руб. на руки
https://vladivostok.hh.ru/vacancy/29751969; ;  з/п не указана
https://vladivostok.hh.ru/vacancy/30297238; ;  з/п не указана
https://vladivostok.hh.ru/vacancy/30533139; ;  з/п не указана
https://vladivostok.hh.ru/vacancy/30645689; ; до 40 000 руб. на руки
https://vladivostok.hh.ru/vacancy/29444274; ; от 38 000 руб. на руки
https://vladivostok.hh.ru/vacancy/30297816; ; от 100 000 до 150 000 руб. на руки
https://vladivostok.hh.ru/vacancy/30352569; ; от 90 000 руб. на руки
https://vladivostok.hh.ru/vacancy/30460973; ;  з/п не указана
https://vladivostok.hh.ru/vacancy/29533284; ; от 60 000 руб. на руки
https://vladivostok.hh.ru/vacancy/30650835; ; от 80 000 руб. на руки
https://vladivostok.hh.ru/vacancy/30652872; ; от 90 000 до 90 000 руб. до вычета НДФЛ
https://vladivostok.hh.ru/vacancy/29122494; ;  з/п не указана
https://vladivostok.hh.ru/vacancy/28838513; ;  з/п не указана
https://vladivostok.hh.ru/vacancy/30736572; ; от 30 000 до 50 000 руб. на руки
https://vladivostok.hh.ru/vacancy/27848024; ; от 30 000 до 60 000 руб. до вычета НДФЛ
https://vladivostok.hh.ru/vacancy/30348609; ;  з/п не указана
https://vladivostok.hh.ru/vacancy/30380865; ; от 60 000 до 90 000 руб. на руки
https://vladivostok.hh.ru/vacancy/30450422; ;  з/п не указана
https://vladivostok.hh.ru/vacancy/30301820; ;  з/п не указана
https://vladivostok.hh.ru/vacancy/30598366; ; от 25 000 до 32 000 руб. на руки
https://vladivostok.hh.ru/vacancy/30489552; ;  з/п не указана
https://vladivostok.hh.ru/vacancy/30574638; ; от 40 000 до 50 000 руб. на руки
https://vladivostok.hh.ru/vacancy/30377202; ;  з/п не указана
https://vladivostok.hh.ru/vacancy/29294259; ; от 60 000 руб. до вычета НДФЛ
https://vladivostok.hh.ru/vacancy/30425879; ; от 40 000 руб. на руки
https://vladivostok.hh.ru/vacancy/30597294; ; от 70 000 до 80 000 руб. на руки
https://vladivostok.hh.ru/vacancy/30132508; ; до 40 800 руб. на руки
https://vladivostok.hh.ru/vacancy/30691381; ; от 90 000 руб. на руки
https://vladivostok.hh.ru/vacancy/29133650; ; от 40 000 до 80 000 руб. на руки
https://vladivostok.hh.ru/vacancy/30373149; ; от 80 000 руб. на руки
https://vladivostok.hh.ru/vacancy/29805425; ;  з/п не указана
https://vladivostok.hh.ru/vacancy/30753344; ; от 57 000 до 57 000 руб. на руки
https://vladivostok.hh.ru/vacancy/30007541; ;  з/п не указана
https://vladivostok.hh.ru/vacancy/30627225; ; от 40 000 до 50 000 руб. до вычета НДФЛ
https://vladivostok.hh.ru/vacancy/29845269; ;  з/п не указана
https://vladivostok.hh.ru/vacancy/30709727; ;  з/п не указана
https://vladivostok.hh.ru/vacancy/30690411; ; от 20 000 до 40 000 руб. на руки
https://vladivostok.hh.ru/vacancy/30672752; ; от 60 000 руб. на рукиhttps://vladivostok.hh.ru/vacancy/28654487; ; от 60 000 руб. на руки
https://vladivostok.hh.ru/vacancy/30644803; ; до 150 000 руб. на руки
https://vladivostok.hh.ru/vacancy/29986391; ; от 33 000 руб. на руки
https://vladivostok.hh.ru/vacancy/30481323; ; от 100 000 руб. на руки
https://vladivostok.hh.ru/vacancy/18741560; ; от 40 000 до 80 000 руб. на руки
https://vladivostok.hh.ru/vacancy/28884605; ; от 80 000 руб. до вычета НДФЛ
https://vladivostok.hh.ru/vacancy/30491371; ;  з/п не указана
https://vladivostok.hh.ru/vacancy/30665254; ;  з/п не указана
https://vladivostok.hh.ru/vacancy/30489371; ;  з/п не указана
https://vladivostok.hh.ru/vacancy/30498711; ;  з/п не указана
https://vladivostok.hh.ru/vacancy/30087252; ; от 50 000 до 60 000 руб. на руки
https://vladivostok.hh.ru/vacancy/30686212; ; от 45 000 до 100 000 руб. на руки
https://vladivostok.hh.ru/vacancy/30481326; ; от 70 000 руб. на руки
https://vladivostok.hh.ru/vacancy/30632221; ; от 65 000 до 75 000 руб. на руки
https://vladivostok.hh.ru/vacancy/30491748; ; от 30 000 до 70 000 руб. до вычета НДФЛ
https://vladivostok.hh.ru/vacancy/30568164; ;  з/п не указана
https://vladivostok.hh.ru/vacancy/30293777; ; от 30 000 до 30 000 руб. на руки
https://vladivostok.hh.ru/vacancy/29392649; ; от 45 000 руб. на руки
https://vladivostok.hh.ru/vacancy/29852180; ; от 50 000 до 120 000 руб. до вычета НДФЛ
https://vladivostok.hh.ru/vacancy/30685919; ; от 80 000 до 100 000 руб. до вычета НДФЛ
https://vladivostok.hh.ru/vacancy/30643201; ; от 40 000 до 50 000 руб. на руки
https://vladivostok.hh.ru/vacancy/30450429; ;  з/п не указана
https://vladivostok.hh.ru/vacancy/30717337; ;  з/п не указана
https://vladivostok.hh.ru/vacancy/30451725; ; от 50 000 руб. на руки
https://vladivostok.hh.ru/vacancy/30736449; ; от 25 000 до 40 000 руб. на руки
https://vladivostok.hh.ru/vacancy/29770764; ; от 35 000 до 45 000 руб. на руки
https://vladivostok.hh.ru/vacancy/30630344; ;  з/п не указана
https://vladivostok.hh.ru/vacancy/30757601; ; от 100 000 до 114 942 руб. до вычета НДФЛ
https://vladivostok.hh.ru/vacancy/30380007; ;  з/п не указана
https://vladivostok.hh.ru/vacancy/30510497; ;  з/п не указана
https://vladivostok.hh.ru/vacancy/26640138; ; от 60 000 руб. до вычета НДФЛ
https://vladivostok.hh.ru/vacancy/30151676; ; от 33 000 до 40 000 руб. до вычета НДФЛ
https://vladivostok.hh.ru/vacancy/30482787; ; от 30 000 руб. на руки
https://vladivostok.hh.ru/vacancy/30687033; ; от 27 000 до 39 000 руб. на руки
https://vladivostok.hh.ru/vacancy/27414799; ; от 30 000 до 37 500 руб. до вычета НДФЛ
https://vladivostok.hh.ru/vacancy/25077151; ;  з/п не указана
https://vladivostok.hh.ru/vacancy/30199168; ;  з/п не указана
https://vladivostok.hh.ru/vacancy/30316981; ;  з/п не указана
https://vladivostok.hh.ru/vacancy/30687472; ; от 25 000 руб.
https://vladivostok.hh.ru/vacancy/30716268; ; от 40 000 до 50 000 руб. на руки
https://vladivostok.hh.ru/vacancy/29956422; ;  з/п не указана
https://vladivostok.hh.ru/vacancy/29527162; ; от 35 000 до 50 000 руб. до вычета НДФЛ
https://vladivostok.hh.ru/vacancy/30634001; ;  з/п не указана
https://vladivostok.hh.ru/vacancy/30374411; ;  з/п не указана
https://vladivostok.hh.ru/vacancy/29947151; ; от 50 000 до 60 000 руб. на руки
https://vladivostok.hh.ru/vacancy/29430453; ; от 30 000 до 37 500 руб. до вычета НДФЛ
https://vladivostok.hh.ru/vacancy/30576170; ;  з/п не указана
https://vladivostok.hh.ru/vacancy/30037988; ; от 130 000 до 130 000 руб. на руки
https://vladivostok.hh.ru/vacancy/30361067; ; от 36 700 до 36 700 руб. на руки
https://vladivostok.hh.ru/vacancy/30606293; ;  з/п не указанаhttps://vladivostok.hh.ru/vacancy/30652030; ;  з/п не указана
https://vladivostok.hh.ru/vacancy/30380345; ; от 25 900 до 30 000 руб. до вычета НДФЛ
https://vladivostok.hh.ru/vacancy/30482499; ; от 25 000 руб. на руки
https://vladivostok.hh.ru/vacancy/30489619; ;  з/п не указана
https://vladivostok.hh.ru/vacancy/30711265; ; от 35 000 до 45 000 руб. до вычета НДФЛ
https://vladivostok.hh.ru/vacancy/30660267; ;  з/п не указана
https://vladivostok.hh.ru/vacancy/30622307; ;  з/п не указана
https://vladivostok.hh.ru/vacancy/30760058; ;  з/п не указана
https://vladivostok.hh.ru/vacancy/30426210; ;  з/п не указана
https://vladivostok.hh.ru/vacancy/30446920; ; от 50 000 до 60 000 руб. на руки
https://vladivostok.hh.ru/vacancy/30466562; ;  з/п не указана
https://vladivostok.hh.ru/vacancy/29559802; ; от 30 000 до 37 500 руб. до вычета НДФЛ
https://vladivostok.hh.ru/vacancy/30309790; ;  з/п не указана
https://vladivostok.hh.ru/vacancy/30655580; ; от 35 000 руб. на руки
https://vladivostok.hh.ru/vacancy/30556331; ; от 35 000 до 52 000 руб. на руки
https://vladivostok.hh.ru/vacancy/28106059; ; от 100 000 руб. на руки
https://vladivostok.hh.ru/vacancy/30491549; ;  з/п не указана
https://vladivostok.hh.ru/vacancy/30624786; ;  з/п не указана
https://vladivostok.hh.ru/vacancy/30595963; ;  з/п не указана
https://vladivostok.hh.ru/vacancy/30555939; ;  з/п не указана
https://vladivostok.hh.ru/vacancy/30270738; ;  з/п не указана
https://vladivostok.hh.ru/vacancy/29355535; ; от 120 000 руб. на руки
https://vladivostok.hh.ru/vacancy/30466355; ; от 30 000 до 40 000 руб. на руки
https://vladivostok.hh.ru/vacancy/30701287; ; от 25 000 до 60 000 руб. до вычета НДФЛ
https://vladivostok.hh.ru/vacancy/30350568; ; от 28 000 руб. на руки
https://vladivostok.hh.ru/vacancy/30621177; ;  з/п не указана
https://vladivostok.hh.ru/vacancy/30379921; ;  з/п не указана
https://vladivostok.hh.ru/vacancy/30442057; ;  з/п не указана
https://vladivostok.hh.ru/vacancy/18550022; ;  з/п не указана
https://vladivostok.hh.ru/vacancy/30765297; ;  з/п не указана
https://vladivostok.hh.ru/vacancy/30597653; ; от 27 000 руб. на руки
https://vladivostok.hh.ru/vacancy/29402793; ; до 106 000 руб. на руки
https://vladivostok.hh.ru/vacancy/30538238; ;  з/п не указана
https://vladivostok.hh.ru/vacancy/30421717; ; от 36 400 до 36 400 руб. до вычета НДФЛ
https://vladivostok.hh.ru/vacancy/30408661; ; от 75 000 до 85 000 руб. на руки
https://vladivostok.hh.ru/vacancy/29817351; ;  з/п не указана
https://vladivostok.hh.ru/vacancy/30303728; ; от 61 000 руб. до вычета НДФЛ
https://vladivostok.hh.ru/vacancy/30733316; ; от 45 000 до 65 000 руб. на руки
https://vladivostok.hh.ru/vacancy/28517393; ; от 50 000 до 60 000 руб. на руки
https://vladivostok.hh.ru/vacancy/30403764; ; от 25 000 руб. на руки
https://vladivostok.hh.ru/vacancy/30497312; ;  з/п не указана
https://vladivostok.hh.ru/vacancy/30475224; ; от 40 000 руб. до вычета НДФЛ
https://vladivostok.hh.ru/vacancy/30534956; ; от 45 000 руб. на руки
https://vladivostok.hh.ru/vacancy/30362282; ;  з/п не указана
https://vladivostok.hh.ru/vacancy/29967086; ; от 70 000 до 70 000 руб. на руки
https://vladivostok.hh.ru/vacancy/29456415; ;  з/п не указана
https://vladivostok.hh.ru/vacancy/30425832; ;  з/п не указана
https://vladivostok.hh.ru/vacancy/29532118; ; от 40 000 до 50 000 руб. на руки
https://vladivostok.hh.ru/vacancy/29744615; ; до 74 000 руб. на рукиhttps://vladivostok.hh.ru/vacancy/30735803; ;  з/п не указана
https://vladivostok.hh.ru/vacancy/28831685; ;  з/п не указана
https://vladivostok.hh.ru/vacancy/30522940; ; от 70 000 руб. до вычета НДФЛ
https://vladivostok.hh.ru/vacancy/30374293; ; от 40 000 до 45 000 руб. на руки
https://vladivostok.hh.ru/vacancy/30425584; ; от 50 000 руб. на руки
https://vladivostok.hh.ru/vacancy/30686320; ;  з/п не указана
https://vladivostok.hh.ru/vacancy/30469908; ;  з/п не указана
https://vladivostok.hh.ru/vacancy/29548416; ;  з/п не указана
https://vladivostok.hh.ru/vacancy/28644653; ; от 70 000 руб. до вычета НДФЛ
https://vladivostok.hh.ru/vacancy/30720321; ;  з/п не указана
https://vladivostok.hh.ru/vacancy/30533542; ;  з/п не указана
https://vladivostok.hh.ru/vacancy/30555583; ; от 50 000 руб. на руки
https://vladivostok.hh.ru/vacancy/30210600; ;  з/п не указана
https://vladivostok.hh.ru/vacancy/30570367; ; от 73 000 руб. до вычета НДФЛ
https://vladivostok.hh.ru/vacancy/30258305; ; от 80 000 до 125 000 руб. на руки
https://vladivostok.hh.ru/vacancy/30687484; ; от 40 000 руб.
https://vladivostok.hh.ru/vacancy/30596422; ; от 30 000 до 45 000 руб. на руки
https://vladivostok.hh.ru/vacancy/30361300; ;  з/п не указана
https://vladivostok.hh.ru/vacancy/30361010; ;  з/п не указана
https://vladivostok.hh.ru/vacancy/30766357; ; от 50 000 руб. на руки
https://vladivostok.hh.ru/vacancy/30257038; ;  з/п не указана
https://vladivostok.hh.ru/vacancy/29947117; ; от 80 000 до 80 000 руб. на руки
https://vladivostok.hh.ru/vacancy/25921425; ; от 35 000 руб. на руки
https://vladivostok.hh.ru/vacancy/28876085; ; от 35 000 до 50 000 руб. на руки
https://vladivostok.hh.ru/vacancy/30101756; ; от 60 000 до 100 000 руб. до вычета НДФЛ
https://vladivostok.hh.ru/vacancy/29674405; ;  з/п не указана
https://vladivostok.hh.ru/vacancy/30317990; ;  з/п не указана
https://vladivostok.hh.ru/vacancy/29964110; ;  з/п не указана
https://vladivostok.hh.ru/vacancy/30171594; ; от 45 000 руб. на руки
https://vladivostok.hh.ru/vacancy/30709206; ;  з/п не указана
https://vladivostok.hh.ru/vacancy/23701753; ; от 36 000 до 49 000 руб. до вычета НДФЛ
https://vladivostok.hh.ru/vacancy/29630528; ;  з/п не указана
https://vladivostok.hh.ru/vacancy/30505145; ; от 15 000 до 30 000 руб. на руки
https://vladivostok.hh.ru/vacancy/29987641; ; от 60 000 до 90 000 руб. на руки
https://vladivostok.hh.ru/vacancy/30489518; ;  з/п не указана
https://vladivostok.hh.ru/vacancy/30643575; ; от 45 000 руб. на руки
https://vladivostok.hh.ru/vacancy/30647253; ;  з/п не указана
https://vladivostok.hh.ru/vacancy/29430422; ; от 30 000 до 37 500 руб. до вычета НДФЛ
https://vladivostok.hh.ru/vacancy/30629371; ; от 35 000 руб. до вычета НДФЛ
https://vladivostok.hh.ru/vacancy/30300355; ; от 100 000 руб. на руки
https://vladivostok.hh.ru/vacancy/29885621; ; от 54 000 до 63 000 руб. на руки
https://vladivostok.hh.ru/vacancy/29934184; ; от 50 000 руб. на руки
https://vladivostok.hh.ru/vacancy/29278725; ; от 56 000 руб. до вычета НДФЛhttps://vladivostok.hh.ru/vacancy/30621515; ; от 55 000 до 65 000 руб. до вычета НДФЛ
https://vladivostok.hh.ru/vacancy/30725383; ;  з/п не указана
https://vladivostok.hh.ru/vacancy/30528918; ;  з/п не указана
https://vladivostok.hh.ru/vacancy/29757593; ;  з/п не указана
https://vladivostok.hh.ru/vacancy/28189802; ; от 150 000 до 150 000 руб. до вычета НДФЛ
https://vladivostok.hh.ru/vacancy/30696982; ; от 60 000 руб. на руки
https://vladivostok.hh.ru/vacancy/30007052; ; от 100 000 руб. на руки
https://vladivostok.hh.ru/vacancy/28387560; ;  з/п не указана
https://vladivostok.hh.ru/vacancy/29728709; ; от 36 800 до 40 000 руб. до вычета НДФЛ
https://vladivostok.hh.ru/vacancy/30655535; ; от 35 000 руб. на руки
https://vladivostok.hh.ru/vacancy/30642152; ; от 130 000 руб. до вычета НДФЛ
https://vladivostok.hh.ru/vacancy/30498616; ; от 36 000 руб. на руки
https://vladivostok.hh.ru/vacancy/30757396; ; от 80 000 до 100 000 руб. на руки
https://vladivostok.hh.ru/vacancy/30256479; ;  з/п не указана
https://vladivostok.hh.ru/vacancy/30666258; ; от 30 000 руб. на руки
https://vladivostok.hh.ru/vacancy/30643269; ; от 46 000 до 46 000 руб. до вычета НДФЛ
https://vladivostok.hh.ru/vacancy/30446962; ; от 35 000 до 40 000 руб. на руки
https://vladivostok.hh.ru/vacancy/20079829; ;  з/п не указана
https://vladivostok.hh.ru/vacancy/30643449; ;  з/п не указана
https://vladivostok.hh.ru/vacancy/30561675; ; от 45 000 руб. на руки
https://vladivostok.hh.ru/vacancy/28252860; ; от 45 000 до 55 000 руб. на руки
https://vladivostok.hh.ru/vacancy/30757591; ; от 110 000 до 120 000 руб. до вычета НДФЛ
https://vladivostok.hh.ru/vacancy/29645557; ;  з/п не указана
https://vladivostok.hh.ru/vacancy/30609979; ;  з/п не указана
https://vladivostok.hh.ru/vacancy/30429330; ;  з/п не указана
https://vladivostok.hh.ru/vacancy/30425710; ; от 50 000 до 60 000 руб. на руки
https://vladivostok.hh.ru/vacancy/30735294; ; от 30 000 руб. до вычета НДФЛ
https://vladivostok.hh.ru/vacancy/28580252; ;  з/п не указана
https://vladivostok.hh.ru/vacancy/27706166; ;  з/п не указана
https://vladivostok.hh.ru/vacancy/30171491; ;  з/п не указана
https://vladivostok.hh.ru/vacancy/29959848; ;  з/п не указана
https://vladivostok.hh.ru/vacancy/29559808; ; от 30 000 до 37 500 руб. до вычета НДФЛ
https://vladivostok.hh.ru/vacancy/30380175; ; до 25 000 руб. на руки
https://vladivostok.hh.ru/vacancy/30534833; ;  з/п не указана
https://vladivostok.hh.ru/vacancy/29964088; ; от 70 000 руб. на руки
https://vladivostok.hh.ru/vacancy/30615446; ; от 25 000 до 25 000 руб. на руки
https://vladivostok.hh.ru/vacancy/30425326; ;  з/п не указана
https://vladivostok.hh.ru/vacancy/30510343; ;  з/п не указана
https://vladivostok.hh.ru/vacancy/30554286; ; от 50 000 до 55 000 руб. на руки
https://vladivostok.hh.ru/vacancy/30155599; ; от 30 000 руб. на руки
https://vladivostok.hh.ru/vacancy/30137842; ;  з/п не указана
https://vladivostok.hh.ru/vacancy/30643320; ; от 50 000 до 50 000 руб. до вычета НДФЛ
https://vladivostok.hh.ru/vacancy/28526823; ;  з/п не указана
https://vladivostok.hh.ru/vacancy/30569947; ; от 50 000 руб. на рукиhttps://vladivostok.hh.ru/vacancy/30516449; ; от 35 000 руб. на руки
https://vladivostok.hh.ru/vacancy/30189773; ; от 50 000 до 70 000 руб. на руки
https://vladivostok.hh.ru/vacancy/29986532; ;  з/п не указана
https://vladivostok.hh.ru/vacancy/30317879; ; от 26 400 до 35 000 руб. на руки
https://vladivostok.hh.ru/vacancy/30447053; ; от 35 000 до 50 000 руб. на руки
https://vladivostok.hh.ru/vacancy/28432567; ; от 60 000 руб. на руки
https://vladivostok.hh.ru/vacancy/30708795; ; от 40 000 руб. на руки
https://vladivostok.hh.ru/vacancy/30316625; ;  з/п не указана
https://vladivostok.hh.ru/vacancy/30594660; ; от 45 000 руб. на руки
https://vladivostok.hh.ru/vacancy/30482675; ;  з/п не указана
https://vladivostok.hh.ru/vacancy/30605034; ; от 80 000 до 90 000 руб. до вычета НДФЛ
https://vladivostok.hh.ru/vacancy/30511652; ;  з/п не указана
https://vladivostok.hh.ru/vacancy/30435998; ;  з/п не указана
https://vladivostok.hh.ru/vacancy/30696149; ;  з/п не указана
https://vladivostok.hh.ru/vacancy/27637049; ; от 40 000 до 70 000 руб. на руки