url,adress,salary
https://samara.hh.ru/vacancy/30585497,"Победа, Самара, улица 22 Партсъезда, 31",4
https://samara.hh.ru/vacancy/30477697,"Алабинская, Самара, Ленинская улица, 160",8
https://samara.hh.ru/vacancy/30730848,"Самара, Гагаринская, ",8
https://samara.hh.ru/vacancy/30634289,"Алабинская, Самара, Галактионовская улица, 37",9
https://samara.hh.ru/vacancy/29280415,"Российская, Самара, Мичурина, 98а",9
https://samara.hh.ru/vacancy/30460041,"Самара, Кировская, ",9
https://samara.hh.ru/vacancy/30295964,"Московская, Самара, улица 22 Партсъезда, 207",10
https://samara.hh.ru/vacancy/29051677,"Российская, Самара, Ново-Садовая улица, 271",10
https://samara.hh.ru/vacancy/29050353,"Российская, Самара, Ново-Садовая улица, 271",11
https://samara.hh.ru/vacancy/30477780,"Алабинская, Самара, Ленинская улица, 160",12
https://samara.hh.ru/vacancy/26062319,"Алабинская, Самара, Самарская улица, 190Б",12
https://samara.hh.ru/vacancy/30722275,"Безымянка, Самара, проспект Кирова, 255",12
https://samara.hh.ru/vacancy/30319685,"Российская, Самара, улица Луначарского, 12",12
https://samara.hh.ru/vacancy/30535445,"Самара, Безымянка, ",12
https://samara.hh.ru/vacancy/30743149,"Самара, Спортивная, ",12
https://samara.hh.ru/vacancy/28431150,"Советская, Самара, улица Советской Армии, 5А",12
https://samara.hh.ru/vacancy/29418404,"Спортивная, Самара, улица Стара Загора, 27",12
https://samara.hh.ru/vacancy/30513161,"Алабинская, Самара, Некрасовская улица, 82",13
https://samara.hh.ru/vacancy/30641657,"Гагаринская, Самара, Аэродромная улица, 45",13
https://samara.hh.ru/vacancy/29214085,"Российская, Самара, Ново-Садовая улица, 160Дс2",13
https://samara.hh.ru/vacancy/30741551,"Российская, Самара, Ново-Садовая улица, 271",14
https://samara.hh.ru/vacancy/30452941,"Спортивная, Самара, Советский район, квартал 5-й посёлок Киркомбината, литБ",14
https://samara.hh.ru/vacancy/30686816,"Юнгородок, Самара, Береговая, 10",14
https://samara.hh.ru/vacancy/30686813,"Юнгородок, Самара, Береговая, 10",14
https://samara.hh.ru/vacancy/29872844,"Алабинская, Самара, Искровская улица, 7",15
https://samara.hh.ru/vacancy/30645446,"Алабинская, Самара, Лесная улица, 23к100",15
https://samara.hh.ru/vacancy/30172445,"Алабинская, Самара, улица Агибалова, 12",15
https://samara.hh.ru/vacancy/30438228,"Гагаринская, Самара, Революционная улица, 126",15
https://samara.hh.ru/vacancy/30392526,"Юнгородок, Самара, Береговая, 10",15
https://samara.hh.ru/vacancy/30607329,"Алабинская, Самара, Лесная улица, 31",16
https://samara.hh.ru/vacancy/30513781,"Алабинская, Самара, Лесная улица, 33",16
https://samara.hh.ru/vacancy/30439851,"Алабинская, Самара, улица Мичурина, 54",16
https://samara.hh.ru/vacancy/30645287,"Алабинская, Самара, улица Осипенко, 11",16
https://samara.hh.ru/vacancy/30406922,"Алабинская, Самара, улица Фрунзе, 58",16
https://samara.hh.ru/vacancy/30314281,"Гагаринская, Самара, улица Авроры, 114Ак2",16
https://samara.hh.ru/vacancy/30534628,"Московская, Самара, Клиническая улица, 154",16
https://samara.hh.ru/vacancy/30614915,"Московская, Самара, Московское шоссе, 4к15",16
https://samara.hh.ru/vacancy/30455312,"Московская, Самара, Подшипниковая улица, 8",16
https://samara.hh.ru/vacancy/30345900,"Российская, Самара, Ново-Садовая улица, 106",16
https://samara.hh.ru/vacancy/30394477,"Российская, Самара, проспект Ленина, 2Б",16
https://samara.hh.ru/vacancy/26903376,"Спортивная, Самара, улица Стара Загора, 27",16
https://samara.hh.ru/vacancy/30744868,"Спортивная, Самара, улица Стара Загора, 27",16
https://samara.hh.ru/vacancy/30734977,"Юнгородок, Самара, Физкультурная улица, 143Д",16
https://samara.hh.ru/vacancy/30381541,"Алабинская, Самара, улица Гагарина, 131А",17
https://samara.hh.ru/vacancy/30645920,"Алабинская, Самара, улица Урицкого, 17",17
https://samara.hh.ru/vacancy/30314933,"Алабинская, Самара, улица Урицкого, 17",17
https://samara.hh.ru/vacancy/30630650,"Алабинская, Самара, улица Урицкого, 17",17
https://samara.hh.ru/vacancy/30719782,"Кировская, Самара, улица Калинина, 1",17
https://samara.hh.ru/vacancy/27964120,"Российская, Самара, Ново-Садовая улица, 160Д",17
https://samara.hh.ru/vacancy/27135374,"Российская, Самара, Ново-Садовая улица, 160Дс2",17
https://samara.hh.ru/vacancy/30599801,"Российская, Самара, улица Врубеля, 17",17
https://samara.hh.ru/vacancy/30637488,"Советская, Самара, улица Промышленности, 278",17
https://samara.hh.ru/vacancy/30769221,"Алабинская, Самара, Искровская улица, 7",18
https://samara.hh.ru/vacancy/29011070,"Алабинская, Самара, улица Мичурина, 54",18
https://samara.hh.ru/vacancy/30568075,"Безымянка, Самара, Ново-Вокзальный тупик",18
https://samara.hh.ru/vacancy/30400380,"Гагаринская, Самара, улица Революционная, 70с3",18
https://samara.hh.ru/vacancy/30771453,"Московская, Самара, Чернореченская , 6 офис№122",18
https://samara.hh.ru/vacancy/30383480,"Российская, Самара, Галактионовская улица, 157",18
https://samara.hh.ru/vacancy/29136226,"Российская, Самара, Мичурина, 98а",18
https://samara.hh.ru/vacancy/30133081,"Российская, Самара, Мичурина, 98а",18
https://samara.hh.ru/vacancy/30133141,"Российская, Самара, Мичурина, 98а",18
https://samara.hh.ru/vacancy/29482112,"Российская, Самара, Мичурина, 98а",18
https://samara.hh.ru/vacancy/30197261,"Российская, Самара, Ново-Садовая улица, 271",18
https://samara.hh.ru/vacancy/29396814,"Российская, Самара, Ново-Садовая улица, 271",18
https://samara.hh.ru/vacancy/30696412,"Советская, Самара, улица Промышленности, 278",18
https://samara.hh.ru/vacancy/30577624,"Спортивная, Самара, улица Гагарина, 82А",18
https://samara.hh.ru/vacancy/30660404,"Безымянка, Самара, Ново-Вокзальная улица, 116",19
https://samara.hh.ru/vacancy/30599408,"Гагаринская, Самара, Революционная улица, 111",19
https://samara.hh.ru/vacancy/30587597,"Московская, Самара, Киевская улица, 1",19
https://samara.hh.ru/vacancy/29856828,"Московская, Самара, Московское шоссе, 41",19
https://samara.hh.ru/vacancy/30404726,"Московская, Самара, Неверова, 33",19
https://samara.hh.ru/vacancy/30646335,"Московская, Самара, Неверова, 33",19
https://samara.hh.ru/vacancy/29439808,"Российская, Самара, 6-я просека",19
https://samara.hh.ru/vacancy/29807168,"Российская, Самара, Галактионовская улица, 157",19
https://samara.hh.ru/vacancy/30716216,"Спортивная, Самара, ул. Санфировой, 95, офис 108",19
https://samara.hh.ru/vacancy/30304365,"Алабинская, Самара, Волжское шоссе, 108",20
https://samara.hh.ru/vacancy/30758976,"Алабинская, Самара, Галактионовская улица, 37",20
https://samara.hh.ru/vacancy/30769905,"Алабинская, Самара, Ново-Садовая улица, 3",20
https://samara.hh.ru/vacancy/30731176,"Алабинская, Самара, Садовая улица, 200",20
https://samara.hh.ru/vacancy/30289292,"Алабинская, Самара, Спортивная улица, 3/1",20
https://samara.hh.ru/vacancy/30634094,"Алабинская, Самара, Студенческий переулок, 7",20
https://samara.hh.ru/vacancy/30592715,"Алабинская, Самара, улица Буянова, 1",20
https://samara.hh.ru/vacancy/30592722,"Алабинская, Самара, улица Буянова, 1",20
https://samara.hh.ru/vacancy/30668704,"Алабинская, Самара, улица Льва Толстого, 131",20
https://samara.hh.ru/vacancy/30547208,"Алабинская, Самара, улица Максима Горького, 98",20
https://samara.hh.ru/vacancy/30305832,"Алабинская, Самара, улица Мичурина, 52",20
https://samara.hh.ru/vacancy/30756026,"Алабинская, Самара, улица Степана Разина",20
https://samara.hh.ru/vacancy/30442502,"Безымянка, Самара, Мирная улица, 169",20
https://samara.hh.ru/vacancy/30442593,"Безымянка, Самара, Мирная улица, 169",20
https://samara.hh.ru/vacancy/30442603,"Безымянка, Самара, Мирная улица, 169",20
https://samara.hh.ru/vacancy/30601566,"Гагаринская, Самара, Мяги, 10А",20
https://samara.hh.ru/vacancy/30768442,"Гагаринская, Самара, Революционная улица, 70с2",20
https://samara.hh.ru/vacancy/30514737,"Гагаринская, Самара, Революционная улица, 70с3",20
https://samara.hh.ru/vacancy/30295553,"Гагаринская, Самара, Саранская улица, 20",20
https://samara.hh.ru/vacancy/30572049,"Московская, Самара, Красноармейская, 72",20
https://samara.hh.ru/vacancy/28127746,"Московская, Самара, Московское шоссе, 4",20
https://samara.hh.ru/vacancy/26962271,"Московская, Самара, Московское шоссе, 4к14",20
https://samara.hh.ru/vacancy/30391539,"Московская, Самара, Неверова, 33",20
https://samara.hh.ru/vacancy/30658227,"Московская, Самара, Пятигорская улица, 11",20
https://samara.hh.ru/vacancy/30295762,"Московская, Самара, улица 22 Партсъезда, 207",20
https://samara.hh.ru/vacancy/30770464,"Победа, Самара, улица 22 Партсъезда, 10А",20
https://samara.hh.ru/vacancy/30439712,"Российская, Самара, Ерошевского, 20",20
https://samara.hh.ru/vacancy/30328868,"Российская, Самара, Ленинская улица, 224",20
https://samara.hh.ru/vacancy/30381799,"Российская, Самара, Молодогвардейская улица, 204",20
https://samara.hh.ru/vacancy/30750962,"Российская, Самара, Московское шоссе , 4а, стр.2, ""Скала Холл""",20
https://samara.hh.ru/vacancy/30048669,"Российская, Самара, Московское шоссе, 4А (Скала-Холл)",20
https://samara.hh.ru/vacancy/30439359,"Российская, Самара, Московское шоссе, литД",20
https://samara.hh.ru/vacancy/30437257,"Российская, Самара, Ново-Садовая улица, 106",20
https://samara.hh.ru/vacancy/30175170,"Российская, Самара, Ново-Садовая улица, 158",20
https://samara.hh.ru/vacancy/27677690,"Российская, Самара, Полевая улица, 80",20
https://samara.hh.ru/vacancy/29622193,"Российская, Самара, Садовая, 280",20
https://samara.hh.ru/vacancy/30650571,"Российская, Самара, улица Ерошевского, 3А",20
https://samara.hh.ru/vacancy/30750562,"Самара, Кировская, ",20
https://samara.hh.ru/vacancy/29966136,"Самара, Спортивная, ",20
https://samara.hh.ru/vacancy/29235699,"Самара, Спортивная, ",20
https://samara.hh.ru/vacancy/30751176,"Советская, Самара, Антонова-Овсеенко, 44 А  5 эт.",20
https://samara.hh.ru/vacancy/30722094,"Спортивная, Самара, Заводское шоссе, 1литФ",20
https://samara.hh.ru/vacancy/30471899,"Спортивная, Самара, Советский район, квартал 5-й посёлок Киркомбината, литБ",20
https://samara.hh.ru/vacancy/30167382,"Спортивная, Самара, улица Гастелло, 42Б",20
https://samara.hh.ru/vacancy/25664391,"Спортивная, Самара, улица Дыбенко, 30",20
https://samara.hh.ru/vacancy/30288389,"Спортивная, Самара, улица Дыбенко, 30",20
https://samara.hh.ru/vacancy/30537160,"Спортивная, Самара, улица Дыбенко, 30",20
https://samara.hh.ru/vacancy/30297131,"Юнгородок, Самара, Береговая улица, 9А",20
https://samara.hh.ru/vacancy/30747858,"Юнгородок, Самара, Заводское шоссе, 55",20
https://samara.hh.ru/vacancy/30746085,"Юнгородок, Самара, Заводское шоссе, 55",20
https://samara.hh.ru/vacancy/30760390,"Юнгородок, Самара, Физкультурная улица, 143Д",20
https://samara.hh.ru/vacancy/30759448,"Юнгородок, Самара, улица Земеца, 32к386",20
https://samara.hh.ru/vacancy/30365901,"Московская, Самара, Неверова, 33",21
https://samara.hh.ru/vacancy/29680195,"Российская, Самара, Мичурина, 98а",21
https://samara.hh.ru/vacancy/29417831,"Российская, Самара, Мичурина, 98а",21
https://samara.hh.ru/vacancy/19399208,"Российская, Самара, Московское шоссе, 4А",21
https://samara.hh.ru/vacancy/25866804,"Российская, Самара, Московское шоссе, 4А",21
https://samara.hh.ru/vacancy/30101823,"Российская, Самара, улица Академика Павлова, 35",21
https://samara.hh.ru/vacancy/30710208,"Самара, Кировская, ",21
https://samara.hh.ru/vacancy/30656393,"Самара, Кировская, ",21
https://samara.hh.ru/vacancy/30638694,"Самара, Спортивная, ",21
https://samara.hh.ru/vacancy/30054985,"Спортивная, Самара, улица Дыбенко, 30",21
https://samara.hh.ru/vacancy/30461950,"Спортивная, Самара, улица Дыбенко, 30",21
https://samara.hh.ru/vacancy/30620150,"Спортивная, Самара, улица Энтузиастов, 26",21
https://samara.hh.ru/vacancy/30387936,"Алабинская, Самара, Дачная улица, 2к2",22
https://samara.hh.ru/vacancy/30561614,"Алабинская, Самара, Самарская улица, 267",22
https://samara.hh.ru/vacancy/30694649,"Алабинская, Самара, проспект Ленина, 1",22
https://samara.hh.ru/vacancy/30630663,"Алабинская, Самара, улица Куйбышева, 15",22
https://samara.hh.ru/vacancy/30543049,"Алабинская, Самара, улица Льва Толстого, 123",22
https://samara.hh.ru/vacancy/30535671,"Безымянка, Самара, Московское шоссе, 185А",22
https://samara.hh.ru/vacancy/30550042,"Безымянка, Самара, Томашевский тупик, 3А",22
https://samara.hh.ru/vacancy/30466836,"Гагаринская, Самара, Печёрская улица, 20А",22
https://samara.hh.ru/vacancy/30359222,"Гагаринская, Самара, Революционная улица, 146В",22
https://samara.hh.ru/vacancy/30484165,"Гагаринская, Самара, Революционная улица, 70с2",22
https://samara.hh.ru/vacancy/29937441,"Московская, Самара, Московское шоссе, 17",22
https://samara.hh.ru/vacancy/30674716,"Московская, Самара, Московское шоссе, 4с9",22
https://samara.hh.ru/vacancy/30397715,"Победа, Самара, Ближняя улица, 3",22
https://samara.hh.ru/vacancy/30641649,"Победа, Самара, улица 22 Партсъезда",22
https://samara.hh.ru/vacancy/30650889,"Российская, Самара, Московское шоссе , 4а, стр.2, ""Скала Холл""",22
https://samara.hh.ru/vacancy/30579880,"Российская, Самара, Ново-Садовая улица, 160Дс2",22
https://samara.hh.ru/vacancy/30571313,"Самара, Кировская, ",22
https://samara.hh.ru/vacancy/29980483,"Самара, Московская, ",22
https://samara.hh.ru/vacancy/30748025,"Самара, Спортивная, ",22
https://samara.hh.ru/vacancy/30748422,"Самара, Спортивная, ",22
https://samara.hh.ru/vacancy/29868088,"Спортивная, Самара, улица Гагарина, 82А",22
https://samara.hh.ru/vacancy/30299831,"Спортивная, Самара, улица Дыбенко, 36",22
https://samara.hh.ru/vacancy/29967204,"Алабинская, Самара, Искровская улица, 7",23
https://samara.hh.ru/vacancy/30718826,"Безымянка, Самара, улица Калинина, 11А",23
https://samara.hh.ru/vacancy/29871243,"Гагаринская, Самара, Печёрская улица, 20А",23
https://samara.hh.ru/vacancy/30439231,"Гагаринская, Самара, улица Гагарина, 22",23
https://samara.hh.ru/vacancy/30755141,"Гагаринская, Самара, улица Революционная, 70с3",23
https://samara.hh.ru/vacancy/30638793,"Кировская, Самара, Севастопольская улица, 34",23
https://samara.hh.ru/vacancy/30399850,"Московская, Самара, Киевская улица, 1",23
https://samara.hh.ru/vacancy/30251356,"Московская, Самара, Московское шоссе, 4с9",23
https://samara.hh.ru/vacancy/30320971,"Победа, Самара, Балхашский проезд, 11",23
https://samara.hh.ru/vacancy/30725237,"Российская, Самара, Московское шоссе , 4а, стр.2, ""Скала Холл""",23
https://samara.hh.ru/vacancy/30403319,"Самара, Спортивная, ",23
https://samara.hh.ru/vacancy/30718220,"Спортивная, Самара, Аэродромная улица, 47а",23
https://samara.hh.ru/vacancy/30536053,"Юнгородок, Самара, Проспект Кирова, 1",23
https://samara.hh.ru/vacancy/28410333,"Алабинская, Самара",24
https://samara.hh.ru/vacancy/29474097,"Алабинская, Самара, Вилоновская улица, 18",24
https://samara.hh.ru/vacancy/30746435,"Алабинская, Самара, Вилоновская улица, 18А",24
https://samara.hh.ru/vacancy/30508195,"Алабинская, Самара, Галактионовская улица, 157",24
https://samara.hh.ru/vacancy/30768387,"Алабинская, Самара, Молодогвардейская улица, 223",24
https://samara.hh.ru/vacancy/30353116,"Алабинская, Самара, улица Степана Разина, 154",24
https://samara.hh.ru/vacancy/30442515,"Безымянка, Самара, Мирная улица, 169",24
https://samara.hh.ru/vacancy/30304221,"Безымянка, Самара, Ново-Вокзальная улица, 26А",24
https://samara.hh.ru/vacancy/30526720,"Безымянка, Самара, Ново-Вокзальный тупик, 21/36",24
https://samara.hh.ru/vacancy/28455761,"Гагаринская, Самара, Аэродромная улица, 47А",24
https://samara.hh.ru/vacancy/30660697,"Гагаринская, Самара, Партизанская улица, 19",24
https://samara.hh.ru/vacancy/30371671,"Гагаринская, Самара, Партизанская улица, 86",24
https://samara.hh.ru/vacancy/30459562,"Гагаринская, Самара, Революционная улица, 126",24
https://samara.hh.ru/vacancy/29339823,"Гагаринская, Самара, Революционная улица, 126",24
https://samara.hh.ru/vacancy/30777065,"Гагаринская, Самара, Революционная улица, 146",24
https://samara.hh.ru/vacancy/30726103,"Гагаринская, Самара, улица Песчаная, 1",24
https://samara.hh.ru/vacancy/30656696,"Кировская, Самара, Алма-Атинская улица, 72",24
https://samara.hh.ru/vacancy/30773235,"Московская, Самара, Киевская улица, 1",24
https://samara.hh.ru/vacancy/28375581,"Московская, Самара, Московское шоссе, 41",24
https://samara.hh.ru/vacancy/30063803,"Московская, Самара, Московское шоссе, 41",24
https://samara.hh.ru/vacancy/30580543,"Московская, Самара, Московское шоссе, 41",24
https://samara.hh.ru/vacancy/30735186,"Московская, Самара, Московское шоссе, 41",24
https://samara.hh.ru/vacancy/30096957,"Московская, Самара, Чернореченская улица, 38",24
https://samara.hh.ru/vacancy/30467435,"Московская, Самара, улица Николая Панова, 50",24
https://samara.hh.ru/vacancy/30767949,"Победа, Самара, улица 22 Партсъезда, 10А",24
https://samara.hh.ru/vacancy/30635125,"Российская, Самара, Н.Панова, 16",24
https://samara.hh.ru/vacancy/29542914,"Российская, Самара, Ново-Садовая улица, 160Дс2",24
https://samara.hh.ru/vacancy/30138347,"Российская, Самара, Ново-Садовая улица, 160Дс2",24
https://samara.hh.ru/vacancy/30502220,"Российская, Самара, улица Лесная, 9",24
https://samara.hh.ru/vacancy/30668246,"Самара, Московская, ",24
https://samara.hh.ru/vacancy/30569709,"Спортивная, Самара, Московское шоссе, 21",24
https://samara.hh.ru/vacancy/29582895,"Спортивная, Самара, улица Дыбенко, 30",24
https://samara.hh.ru/vacancy/30439634,"Юнгородок, Самара, Береговая, 10",24
https://samara.hh.ru/vacancy/30047128,"Алабинская, Самара, Ленинская улица, 117",25
https://samara.hh.ru/vacancy/29849088,"Алабинская, Самара, Ленинская улица, 168",25
https://samara.hh.ru/vacancy/30535649,"Алабинская, Самара, Молодогвардейская улица, 238",25
https://samara.hh.ru/vacancy/30465517,"Алабинская, Самара, Ново-Садовая улица, 25",25
https://samara.hh.ru/vacancy/30513830,"Алабинская, Самара, Ново-Садовая улица, 3",25
https://samara.hh.ru/vacancy/30498939,"Алабинская, Самара, проспект Ленина, 12А",25
https://samara.hh.ru/vacancy/30513681,"Алабинская, Самара, улица Алексея Толстого, 78",25
https://samara.hh.ru/vacancy/30098609,"Алабинская, Самара, улица Куйбышева, 59",25
https://samara.hh.ru/vacancy/30100276,"Алабинская, Самара, улица Куйбышева, 59",25
https://samara.hh.ru/vacancy/30520505,"Алабинская, Самара, улица Осипенко, 3",25
https://samara.hh.ru/vacancy/30717365,"Безымянка, Самара, Московское шоссе, 284А",25
https://samara.hh.ru/vacancy/30370632,"Безымянка, Самара, Профильная улица, 51",25
https://samara.hh.ru/vacancy/30381355,"Гагаринская, Самара, Загородная, 1",25
https://samara.hh.ru/vacancy/29927229,"Гагаринская, Самара, улица Авроры, 110к3",25
https://samara.hh.ru/vacancy/30668756,"Гагаринская, Самара, улица Волгина, 127А",25
https://samara.hh.ru/vacancy/30576735,"Кировская, Самара, проспект Кирова, 6",25
https://samara.hh.ru/vacancy/29993427,"Московская, Самара, Московское шоссе, 17",25
https://samara.hh.ru/vacancy/30738741,"Московская, Самара, Неверова, 33",25
https://samara.hh.ru/vacancy/30391689,"Московская, Самара, Неверова, 33",25
https://samara.hh.ru/vacancy/30686831,"Московская, Самара, Неверова, 33",25
https://samara.hh.ru/vacancy/30382554,"Победа, Самара, Заводское шоссе, 14к3",25
https://samara.hh.ru/vacancy/30676827,"Победа, Самара, Заводское шоссе, 5",25
https://samara.hh.ru/vacancy/30765548,"Победа, Самара, Управленческий тупик, 7",25
https://samara.hh.ru/vacancy/29067327,"Победа, Самара, улица 22 Партсъезда, 8",25
https://samara.hh.ru/vacancy/30548494,"Российская, Самара, Московское шоссе, 4А (Скала-Холл)",25
https://samara.hh.ru/vacancy/29450676,"Российская, Самара, Московское шоссе, 4А (Скала-Холл)",25
https://samara.hh.ru/vacancy/30671828,"Российская, Самара, Н.Панова, 16",25
https://samara.hh.ru/vacancy/30598666,"Российская, Самара, Н.Панова, 16",25
https://samara.hh.ru/vacancy/30629604,"Российская, Самара, Ново-Садовая улица, 106кЗ",25
https://samara.hh.ru/vacancy/28920600,"Российская, Самара, Полевая улица, 80",25
https://samara.hh.ru/vacancy/29591435,"Российская, Самара, улица Академика Павлова, 35",25
https://samara.hh.ru/vacancy/30445179,"Российская, Самара, улица Академика Павлова, 35",25
https://samara.hh.ru/vacancy/30521269,"Российская, Самара, улица Луначарского, 5",25
https://samara.hh.ru/vacancy/30458679,"Самара, Горьковская, Санкт-Петербург, улица Чапаева, 15к2В",25
https://samara.hh.ru/vacancy/30524457,"Самара, Кировская, ",25
https://samara.hh.ru/vacancy/30396621,"Самара, Московская, ",25
https://samara.hh.ru/vacancy/30562124,"Самара, Спортивная, ",25
https://samara.hh.ru/vacancy/30251754,"Самара, Спортивная, ",25
https://samara.hh.ru/vacancy/30759294,"Советская, Самара, улица Промышленности, 278",25
https://samara.hh.ru/vacancy/30736485,"Спортивная, Самара, Московское шоссе, 21",25
https://samara.hh.ru/vacancy/30556096,"Спортивная, Самара, улица Гастелло, 42Б",25
https://samara.hh.ru/vacancy/29973235,"Спортивная, Самара, улица Гастелло, 42Б",25
https://samara.hh.ru/vacancy/30704058,"Спортивная, Самара, улица Карбышева, 63Б",25
https://samara.hh.ru/vacancy/30536904,"Юнгородок, Самара, Береговая улица, 9А",25
https://samara.hh.ru/vacancy/30708514,"Юнгородок, Самара, Днепровский проезд, 2",25
https://samara.hh.ru/vacancy/30327492,"Юнгородок, Самара, Заводское шоссе, 55",25
https://samara.hh.ru/vacancy/30468173,"Юнгородок, Самара, Проспект Кирова, 1",25
https://samara.hh.ru/vacancy/30684691,"Юнгородок, Самара, проспект Кирова, 2А",25
https://samara.hh.ru/vacancy/30522517,"Юнгородок, Самара, улица Земеца, 32к386",25
https://samara.hh.ru/vacancy/30183472,"Алабинская, Самара",26
https://samara.hh.ru/vacancy/30526861,"Алабинская, Самара, Дачная улица, 2",26
https://samara.hh.ru/vacancy/30637159,"Безымянка, Самара, улица Елизарова, 103",26
https://samara.hh.ru/vacancy/15147036,"Гагаринская, Самара, Московское шоссе, 15",26
https://samara.hh.ru/vacancy/30673563,"Гагаринская, Самара, улица Авроры, 110",26
https://samara.hh.ru/vacancy/30438209,"Кировская, Самара, Заводское шоссе, 13Г",26
https://samara.hh.ru/vacancy/30691108,"Кировская, Самара, Кабельная, 9",26
https://samara.hh.ru/vacancy/30526456,"Московская, Самара, Киевская улица, 1",26
https://samara.hh.ru/vacancy/30326249,"Победа, Самара, Сердобская улица, 5",26
https://samara.hh.ru/vacancy/27589905,"Российская, Самара, Ново-Садовая улица, 160Дс2",26
https://samara.hh.ru/vacancy/29638302,"Российская, Самара, Ново-Садовая улица, 160Дс2",26
https://samara.hh.ru/vacancy/29054954,"Российская, Самара, Ново-Садовая улица, 271",26
https://samara.hh.ru/vacancy/30646537,"Самара, Безымянка, ",26
https://samara.hh.ru/vacancy/30748252,"Алабинская, Самара, улица Губанова, 3",27
https://samara.hh.ru/vacancy/30602760,"Безымянка, Самара, Ново-Вокзальная улица, 26А",27
https://samara.hh.ru/vacancy/30749337,"Безымянка, Самара, Физкультурная улица, 90",27
https://samara.hh.ru/vacancy/30639643,"Гагаринская, Самара, Революционная улица, 70с3",27
https://samara.hh.ru/vacancy/30759346,"Московская, Самара, Московское шоссе, 4с9",27
https://samara.hh.ru/vacancy/30664018,"Победа, Самара, Средне-Садовая улица",27
https://samara.hh.ru/vacancy/28502750,"Российская, Самара, Мичурина, 98а",27
https://samara.hh.ru/vacancy/30367980,"Российская, Самара, Московское шоссе, 4А (Скала-Холл)",27
https://samara.hh.ru/vacancy/30688141,"Российская, Самара, улица Ерошевского, 3",27
https://samara.hh.ru/vacancy/30450349,"Российская, Самара, улица Скляренко, 26",27
https://samara.hh.ru/vacancy/30381263,"Спортивная, Самара, Московское шоссе, 21",27
https://samara.hh.ru/vacancy/30698299,"Юнгородок, Самара, проспект Кирова, 2А",27
https://samara.hh.ru/vacancy/30774280,"Алабинская, Самара, Волжский проспект, 37",28
https://samara.hh.ru/vacancy/30522599,"Алабинская, Самара, Студенческий переулок, 7",28
https://samara.hh.ru/vacancy/30611994,"Алабинская, Самара, улица Осипенко, 11",28
https://samara.hh.ru/vacancy/30756687,"Алабинская, Самара, улица Степана Разина",28
https://samara.hh.ru/vacancy/30457857,"Безымянка, Самара, Краснодонская улица, 61",28
https://samara.hh.ru/vacancy/30597534,"Гагаринская, Самара, Гаражная улица, 14",28
https://samara.hh.ru/vacancy/30449440,"Московская, Самара, Московское шоссе, 4к15",28
https://samara.hh.ru/vacancy/30143727,"Победа, Самара, проезд Мальцева, 9",28
https://samara.hh.ru/vacancy/30580246,"Победа, Самара, проезд Мальцева, 9",28
https://samara.hh.ru/vacancy/29886120,"Победа, Самара, проезд Мальцева, 9",28
https://samara.hh.ru/vacancy/28075051,"Победа, Самара, проезд Мальцева, 9",28
https://samara.hh.ru/vacancy/30238343,"Российская, Самара, Дачная улица, 24",28
https://samara.hh.ru/vacancy/30321163,"Российская, Самара, Ленинская улица, 224",28
https://samara.hh.ru/vacancy/30328901,"Российская, Самара, Ленинская улица, 224",28
https://samara.hh.ru/vacancy/29320710,"Российская, Самара, Московское шоссе, 4А",28
https://samara.hh.ru/vacancy/30432626,"Российская, Самара, Ново-Садовая улица, 158",28
https://samara.hh.ru/vacancy/28358895,"Российская, Самара, Ново-Садовая улица, 160Дс2",28
https://samara.hh.ru/vacancy/30396731,"Российская, Самара, улица Лесная, 23к100",28
https://samara.hh.ru/vacancy/30535044,"Российская, Самара, улица Луначарского, 5",28
https://samara.hh.ru/vacancy/30551299,"Российская, Самара, улица Скляренко, 26",28
https://samara.hh.ru/vacancy/30626575,"Советская, Самара, улица Промышленности, 278",28
https://samara.hh.ru/vacancy/30735998,"Спортивная, Самара, Московское шоссе, 21",28
https://samara.hh.ru/vacancy/30684317,"Спортивная, Самара, улица Авроры, 181",28
https://samara.hh.ru/vacancy/30744573,"Спортивная, Самара, улица Дыбенко, 30",28
https://samara.hh.ru/vacancy/30344090,"Спортивная, Самара, улица Дыбенко, 30",28
https://samara.hh.ru/vacancy/30561798,"Алабинская, Самара, Галактионовская улица, 157",29
https://samara.hh.ru/vacancy/30433367,"Алабинская, Самара, улица Куйбышева, 87",29
https://samara.hh.ru/vacancy/27501878,"Безымянка, Самара, Московское шоссе, 270В",29
https://samara.hh.ru/vacancy/30428244,"Победа, Самара, улица 22 Партсъезда, 2Б",29
https://samara.hh.ru/vacancy/30337543,"Спортивная, Самара, улица Дыбенко, 30",29
https://samara.hh.ru/vacancy/30767533,"Юнгородок, Самара, улица Земеца, 32к10",29
https://samara.hh.ru/vacancy/30395285,"Алабинская, Самара, Галактионовская улица, 157",30
https://samara.hh.ru/vacancy/30348093,"Алабинская, Самара, Галактионовская улица, 157",30
https://samara.hh.ru/vacancy/30572027,"Алабинская, Самара, Галактионовская улица, 157",30
https://samara.hh.ru/vacancy/30454530,"Алабинская, Самара, Галактионовская улица, 157",30
https://samara.hh.ru/vacancy/30677405,"Алабинская, Самара, Галактионовская улица, 157",30
https://samara.hh.ru/vacancy/30334819,"Алабинская, Самара, Галактионовская улица, 157",30
https://samara.hh.ru/vacancy/30663033,"Алабинская, Самара, Галактионовская улица, 157",30
https://samara.hh.ru/vacancy/30556339,"Алабинская, Самара, Ново-Садовая улица, 3",30
https://samara.hh.ru/vacancy/30710518,"Алабинская, Самара, улица Льва Толстого, 93",30
https://samara.hh.ru/vacancy/30106725,"Алабинская, Самара, улица Мичурина, 21А",30
https://samara.hh.ru/vacancy/30489890,"Безымянка, Самара, Московское шоссе",30
https://samara.hh.ru/vacancy/30740059,"Безымянка, Самара, Московское шоссе, 270В",30
https://samara.hh.ru/vacancy/30567910,"Безымянка, Самара, Ново-Вокзальный тупик",30
https://samara.hh.ru/vacancy/30637881,"Безымянка, Самара, улица Елизарова, 103",30
https://samara.hh.ru/vacancy/30546924,"Безымянка, Самара, улица Стара Загора, 131А",30
https://samara.hh.ru/vacancy/30767573,"Гагаринская, Самара, Новоурицкая улица, 44",30
https://samara.hh.ru/vacancy/30719730,"Гагаринская, Самара, Партизанская улица, 86",30
https://samara.hh.ru/vacancy/30728163,"Гагаринская, Самара, Партизанская улица, 86",30
https://samara.hh.ru/vacancy/30720829,"Гагаринская, Самара, Революционная улица, 101",30
https://samara.hh.ru/vacancy/30449339,"Гагаринская, Самара, Революционная улица, 70с3",30
https://samara.hh.ru/vacancy/30549487,"Гагаринская, Самара, улица Мориса Тореза, 67",30
https://samara.hh.ru/vacancy/30724310,"Гагаринская, Самара, улица Мориса Тореза, 67",30
https://samara.hh.ru/vacancy/30601587,"Кировская, Самара, Ветлянская улица, 2А",30
https://samara.hh.ru/vacancy/30496260,"Московская, Самара, Неверова, 33",30
https://samara.hh.ru/vacancy/30435087,"Московская, Самара, проспект Карла Маркса, 192",30
https://samara.hh.ru/vacancy/30345239,"Московская, Самара, улица Мичурина, 21",30
https://samara.hh.ru/vacancy/30726542,"Московская, Самара, улица Мичурина, 21",30
https://samara.hh.ru/vacancy/30381313,"Победа, Самара, Гаражный проезд, 3Б",30
https://samara.hh.ru/vacancy/30738218,"Победа, Самара, Заводское шоссе, 14Ак1",30
https://samara.hh.ru/vacancy/30617823,"Победа, Самара, Средне-Садовая улица",30
https://samara.hh.ru/vacancy/30484709,"Победа, Самара, Управленческий тупик, 7",30
https://samara.hh.ru/vacancy/30666648,"Победа, Самара, Управленческий тупик, 7",30
https://samara.hh.ru/vacancy/30402604,"Победа, Самара, Управленческий тупик, 7",30
https://samara.hh.ru/vacancy/30369366,"Победа, Самара, проезд Мальцева",30
https://samara.hh.ru/vacancy/30427106,"Победа, Самара, улица 22 Партсъезда, 2Б",30
https://samara.hh.ru/vacancy/30329678,"Российская, Самара, 5-я просека",30
https://samara.hh.ru/vacancy/30373432,"Российская, Самара, Дачная улица, 24",30
https://samara.hh.ru/vacancy/30487890,"Российская, Самара, Московское шоссе, 4а",30
https://samara.hh.ru/vacancy/30670729,"Российская, Самара, Ново-Садовая улица, 160Д",30
https://samara.hh.ru/vacancy/27753314,"Российская, Самара, Ново-Садовая улица, 160Дс2",30
https://samara.hh.ru/vacancy/30464849,"Российская, Самара, Ново-Садовая улица, 271",30
https://samara.hh.ru/vacancy/30630868,"Российская, Самара, Самарская, 146",30
https://samara.hh.ru/vacancy/29604763,"Российская, Самара, улица Академика Павлова, 35",30
https://samara.hh.ru/vacancy/30624687,"Российская, Самара, улица Советской Армии, 240б",30
https://samara.hh.ru/vacancy/30603823,"Самара, Безымянка, ",30
https://samara.hh.ru/vacancy/30402562,"Самара, Кировская, ",30
https://samara.hh.ru/vacancy/30602477,"Самара, Кировская, ",30
https://samara.hh.ru/vacancy/30331902,"Самара, Московская, ",30
https://samara.hh.ru/vacancy/30718444,"Самара, Московская, ",30
https://samara.hh.ru/vacancy/30293895,"Самара, площадь Карла Маркса, Новосибирск, Северо-Чемской жилмассив, Оловозаводская улица, 25к3",30
https://samara.hh.ru/vacancy/30323881,"Советская, Самара, Заводское шоссе, 27Д",30
https://samara.hh.ru/vacancy/30115425,"Советская, Самара, Заводское шоссе, 27Д",30
https://samara.hh.ru/vacancy/30532346,"Советская, Самара, улица Дыбенко, 104",30
https://samara.hh.ru/vacancy/30493181,"Советская, Самара, улица Советской Армии, 70",30
https://samara.hh.ru/vacancy/29236938,"Спортивная, Самара, Московское шоссе, 21",30
https://samara.hh.ru/vacancy/30420292,"Спортивная, Самара, улица Авроры, 122",30
https://samara.hh.ru/vacancy/30734771,"Спортивная, Самара, улица Авроры, 191",30
https://samara.hh.ru/vacancy/30499743,"Спортивная, Самара, улица Гастелло, 42Б",30
https://samara.hh.ru/vacancy/30534555,"Спортивная, Самара, улица Дыбенко, 30",30
https://samara.hh.ru/vacancy/30688045,"Спортивная, Самара, улица Дыбенко, 30",30
https://samara.hh.ru/vacancy/30434111,"Юнгородок, Самара, Товарная улица, 8",30
https://samara.hh.ru/vacancy/30592707,"Безымянка, Самара, Физкультурная улица, 31Ак1",31
https://samara.hh.ru/vacancy/22715149,"Гагаринская, Самара, Аэродромная улица, 47А",31
https://samara.hh.ru/vacancy/25086311,"Гагаринская, Самара, Октябрьский район, 4-й проезд, 57",31
https://samara.hh.ru/vacancy/29958776,"Московская, Самара, Чернореченская улица, 38",31
https://samara.hh.ru/vacancy/29661952,"Юнгородок, Самара, Заводское шоссе, 55",31
https://samara.hh.ru/vacancy/30475048,"Юнгородок, Самара, Проспект Кирова, 1",31
https://samara.hh.ru/vacancy/30379822,"Алабинская, Самара",32
https://samara.hh.ru/vacancy/30379826,"Алабинская, Самара",32
https://samara.hh.ru/vacancy/30562057,"Алабинская, Самара, Владимирская улица, 29А",32
https://samara.hh.ru/vacancy/29893492,"Алабинская, Самара, Ленинская улица, 168",32
https://samara.hh.ru/vacancy/30756665,"Алабинская, Самара, Спортивная улица, 5к1",32
https://samara.hh.ru/vacancy/30522710,"Алабинская, Самара, улица Буянова, 1",32
https://samara.hh.ru/vacancy/30622959,"Алабинская, Самара, улица Мичурина, 21Б",32
https://samara.hh.ru/vacancy/30641655,"Гагаринская, Самара, Аэродромная улица, 45",32
https://samara.hh.ru/vacancy/30412714,"Гагаринская, Самара, Гаражная улица, 11А",32
https://samara.hh.ru/vacancy/30696850,"Гагаринская, Самара, Гродненская, 17",32
https://samara.hh.ru/vacancy/30324211,"Гагаринская, Самара, Гродненская, 17",32
https://samara.hh.ru/vacancy/30611663,"Гагаринская, Самара, Революционная улица, 70",32
https://samara.hh.ru/vacancy/30634494,"Гагаринская, Самара, улица Авроры, 114Ак2",32
https://samara.hh.ru/vacancy/30345855,"Гагаринская, Самара, улица Волгина, 117А",32
https://samara.hh.ru/vacancy/30500064,"Кировская, Самара, проспект Кирова, 22б",32
https://samara.hh.ru/vacancy/30531848,"Московская, Самара, Московское шоссе, 17",32
https://samara.hh.ru/vacancy/30646322,"Московская, Самара, Неверова, 33",32
https://samara.hh.ru/vacancy/30646941,"Московская, Самара, улица Тухачевского, 231",32
https://samara.hh.ru/vacancy/30633184,"Победа, Самара, Московское шоссе, 262",32
https://samara.hh.ru/vacancy/30363129,"Победа, Самара, Управленческий тупик, 7",32
https://samara.hh.ru/vacancy/30674854,"Российская, Самара, 5-я просека",32
https://samara.hh.ru/vacancy/30320752,"Российская, Самара, Ленинская улица, 224",32
https://samara.hh.ru/vacancy/30578479,"Российская, Самара, Межевая улица, 1",32
https://samara.hh.ru/vacancy/30423184,"Российская, Самара, Московское шоссе, 2Б",32
https://samara.hh.ru/vacancy/26860640,"Российская, Самара, Ново-Садовая улица, 160Дс2",32
https://samara.hh.ru/vacancy/30601434,"Российская, Самара, Ново-Садовая улица, 267",32
https://samara.hh.ru/vacancy/26727148,"Российская, Самара, Полевая улица, 80",32
https://samara.hh.ru/vacancy/30689727,"Российская, Самара, улица Ерошевского, 3",32
https://samara.hh.ru/vacancy/30737405,"Российская, Самара, улица Лесная, 35",32
https://samara.hh.ru/vacancy/30687720,"Российская, Самара, улица Скляренко, 26",32
https://samara.hh.ru/vacancy/29668613,"Самара, Безымянка, ",32
https://samara.hh.ru/vacancy/30449142,"Самара, Гагаринская, ",32
https://samara.hh.ru/vacancy/30461417,"Самара, Гагаринская, ",32
https://samara.hh.ru/vacancy/30650341,"Самара, Гагаринская, ",32
https://samara.hh.ru/vacancy/30349317,"Самара, Кировская, ",32
https://samara.hh.ru/vacancy/30602548,"Самара, Кировская, ",32
https://samara.hh.ru/vacancy/30592623,"Самара, Российская, ",32
https://samara.hh.ru/vacancy/30699382,"Самара, Советская, ",32
https://samara.hh.ru/vacancy/29478405,"Самара, Спортивная, ",32
https://samara.hh.ru/vacancy/30637374,"Советская, Самара, улица Победы, 4А",32
https://samara.hh.ru/vacancy/27458128,"Спортивная, Самара, Московское шоссе, 41",32
https://samara.hh.ru/vacancy/30439177,"Спортивная, Самара, Стара Загора, 25",32
https://samara.hh.ru/vacancy/27997675,"Спортивная, Самара, улица Гастелло, 42Б",32
https://samara.hh.ru/vacancy/30276613,"Спортивная, Самара, улица Советской Армии, 180/1",32
https://samara.hh.ru/vacancy/29105805,"Юнгородок, Самара, Заводское шоссе, 55",32
https://samara.hh.ru/vacancy/30488559,"Юнгородок, Самара, Металлургическая улица, 51",32
https://samara.hh.ru/vacancy/30610756,"Юнгородок, Самара, улица Земеца, 32к10",32
https://samara.hh.ru/vacancy/29832177,"Алабинская, Самара",33
https://samara.hh.ru/vacancy/30503602,"Московская, Самара, Красноармейская, 72",33
https://samara.hh.ru/vacancy/30651860,"Алабинская, Самара, Самарская улица, 161",34
https://samara.hh.ru/vacancy/29721801,"Российская, Самара, Красноармейская улица, 93",34
https://samara.hh.ru/vacancy/30649833,"Российская, Самара, Ново-Садовая улица, 160Дс2",34
https://samara.hh.ru/vacancy/30662690,"Российская, Самара, улица Урицкого",34
https://samara.hh.ru/vacancy/30613014,"Спортивная, Самара, улица Санфировой, 95лит4",34
https://samara.hh.ru/vacancy/30657582,"Юнгородок, Самара, Алма-Атинская улица, 14",34
https://samara.hh.ru/vacancy/30280382,"Алабинская, Самара",35
https://samara.hh.ru/vacancy/30676750,"Алабинская, Самара, Галактионовская улица, 157",35
https://samara.hh.ru/vacancy/30677058,"Алабинская, Самара, Галактионовская улица, 157",35
https://samara.hh.ru/vacancy/29818515,"Алабинская, Самара, Ленинская улица, 147",35
https://samara.hh.ru/vacancy/30655249,"Алабинская, Самара, Лесная улица, 9",35
https://samara.hh.ru/vacancy/30350239,"Алабинская, Самара, Рабочая улица, 95",35
https://samara.hh.ru/vacancy/30652029,"Алабинская, Самара, Самарская улица, 161",35
https://samara.hh.ru/vacancy/30149226,"Безымянка, Самара, Ново-Вокзальный тупик, 21/36",35
https://samara.hh.ru/vacancy/30402711,"Гагаринская, Самара, Аэродромная, 45",35
https://samara.hh.ru/vacancy/29038175,"Гагаринская, Самара, Гаражная улица, 5",35
https://samara.hh.ru/vacancy/30719363,"Гагаринская, Самара, Гаражная улица, 5",35
https://samara.hh.ru/vacancy/30540057,"Гагаринская, Самара, Дзержинского, 46",35
https://samara.hh.ru/vacancy/30591204,"Гагаринская, Самара, Революционная улица, 146",35
https://samara.hh.ru/vacancy/30669958,"Гагаринская, Самара, проспект Карла Маркса, 201Б",35
https://samara.hh.ru/vacancy/30451217,"Гагаринская, Самара, улица Мяги, 10А",35
https://samara.hh.ru/vacancy/30088679,"Московская, Самара, Московское шоссе, 17",35
https://samara.hh.ru/vacancy/30538044,"Московская, Самара, Московское шоссе, 17",35
https://samara.hh.ru/vacancy/26243873,"Московская, Самара, Партизанская улица, 12/1",35
https://samara.hh.ru/vacancy/30744884,"Победа, Самара, Управленческий тупик, 7",35
https://samara.hh.ru/vacancy/30329729,"Российская, Самара, 5-я просека",35
https://samara.hh.ru/vacancy/30774189,"Российская, Самара, Московское шоссе , 4а, стр.2, ""Скала Холл""",35
https://samara.hh.ru/vacancy/29049653,"Российская, Самара, Ново-Садовая улица, 271",35
https://samara.hh.ru/vacancy/30737771,"Российская, Самара, Ново-Садовая улица, 271",35
https://samara.hh.ru/vacancy/30513214,"Российская, Самара, улица Скляренко, 26",35
https://samara.hh.ru/vacancy/30452484,"Самара, Гагаринская, ",35
https://samara.hh.ru/vacancy/30438226,"Самара, Гагаринская, ",35
https://samara.hh.ru/vacancy/30583383,"Самара, Московская, ",35
https://samara.hh.ru/vacancy/30593579,"Самара, Российская, ",35
https://samara.hh.ru/vacancy/30559207,"Самара, Российская, ",35
https://samara.hh.ru/vacancy/30321189,"Самара, Спортивная, ",35
https://samara.hh.ru/vacancy/30327006,"Спортивная, Самара, улица Гастелло, 42Б",35
https://samara.hh.ru/vacancy/30615103,"Спортивная, Самара, улица Дыбенко, 30",35
https://samara.hh.ru/vacancy/30749489,"Спортивная, Самара, улица Карбышева, 63Б",35
https://samara.hh.ru/vacancy/28447270,"Спортивная, Самара, улица Мориса Тореза, 103",35
https://samara.hh.ru/vacancy/30428758,"Юнгородок, Самара, улица Земеца, 4",35
https://samara.hh.ru/vacancy/30381237,"Юнгородок, Самара, улица Земеца, 4",35
https://samara.hh.ru/vacancy/29896643,"Алабинская, Самара, Вилоновская улица, 18",36
https://samara.hh.ru/vacancy/30301936,"Кировская, Самара, Гаражный проезд, 3, литера з",36
https://samara.hh.ru/vacancy/30536741,"Победа, Самара, проезд Мальцева, 9",36
https://samara.hh.ru/vacancy/30582028,"Победа, Самара, улица 22 Партсъезда, 2Б",36
https://samara.hh.ru/vacancy/25336610,"Российская, Самара, Мичурина, 98а",36
https://samara.hh.ru/vacancy/30463868,"Российская, Самара, Ново-Садовая улица, 106к155",36
https://samara.hh.ru/vacancy/30454314,"Российская, Самара, Ново-Садовая улица, 106к155",36
https://samara.hh.ru/vacancy/30353496,"Российская, Самара, Ново-Садовая улица, 160Дс2",36
https://samara.hh.ru/vacancy/30354751,"Российская, Самара, Ульяновская улица, 18",36
https://samara.hh.ru/vacancy/30692276,"Самара, Победа, ",36
https://samara.hh.ru/vacancy/30522311,"Спортивная, Самара, Советской Армии, 180/1",36
https://samara.hh.ru/vacancy/30014234,"Юнгородок, Самара, Береговая улица, 9А",36
https://samara.hh.ru/vacancy/29960761,"Юнгородок, Самара, улица Земеца, 4",36
https://samara.hh.ru/vacancy/30700849,"Алабинская, Самара, Лесная улица, 23к100",37
https://samara.hh.ru/vacancy/30331582,"Алабинская, Самара, улица Водников, 95",37
https://samara.hh.ru/vacancy/30632277,"Безымянка, Самара, Ново-Вокзальная улица, 26А",37
https://samara.hh.ru/vacancy/30608770,"Гагаринская, Самара, Загородная, 1",37
https://samara.hh.ru/vacancy/29991798,"Гагаринская, Самара, Московское шоссе, 55",37
https://samara.hh.ru/vacancy/30564925,"Гагаринская, Самара, улица Мориса Тореза, 67",37
https://samara.hh.ru/vacancy/30606091,"Московская, Самара, Московское шоссе, 17",37
https://samara.hh.ru/vacancy/30295634,"Московская, Самара, улица 22 Партсъезда, 207",37
https://samara.hh.ru/vacancy/30310260,"Победа, Самара, проезд Мальцева, 7",37
https://samara.hh.ru/vacancy/30586878,"Российская, Самара, Ново-Садовая улица, 160Д",37
https://samara.hh.ru/vacancy/29051482,"Российская, Самара, Ново-Садовая улица, 271",37
https://samara.hh.ru/vacancy/30609344,"Самара, Московская, ",37
https://samara.hh.ru/vacancy/29534409,"Самара, Российская, ",37
https://samara.hh.ru/vacancy/30735720,"Спортивная, Самара, Московское шоссе, 21",37
https://samara.hh.ru/vacancy/30445140,"Алабинская, Самара, Галактионовская улица, 157",38
https://samara.hh.ru/vacancy/30457421,"Безымянка, Самара, улица Елизарова, 103",38
https://samara.hh.ru/vacancy/30309175,"Российская, Самара, 6-я просека, 144",38
https://samara.hh.ru/vacancy/30443018,"Московская, Самара, Московское шоссе, 4с9",39
https://samara.hh.ru/vacancy/30501488,"Алабинская, Самара, Волжский проспект, 33",40
https://samara.hh.ru/vacancy/30577511,"Алабинская, Самара, Ленинградская улица, 72",40
https://samara.hh.ru/vacancy/30460556,"Алабинская, Самара, Ново-Садовая улица, 17",40
https://samara.hh.ru/vacancy/30651120,"Алабинская, Самара, Самарская улица",40
https://samara.hh.ru/vacancy/28612959,"Алабинская, Самара, улица Агибалова, 12",40
https://samara.hh.ru/vacancy/24596586,"Алабинская, Самара, улица Агибалова, 12",40
https://samara.hh.ru/vacancy/30583880,"Алабинская, Самара, улица Льва Толстого, 123",40
https://samara.hh.ru/vacancy/30615570,"Алабинская, Самара, улица Мичурина, 21А",40
https://samara.hh.ru/vacancy/30404918,"Безымянка, Самара, Воронежская улица, 5",40
https://samara.hh.ru/vacancy/30404770,"Безымянка, Самара, Воронежская улица, 5",40
https://samara.hh.ru/vacancy/30515180,"Безымянка, Самара, Московское шоссе, 126А",40
https://samara.hh.ru/vacancy/30515190,"Безымянка, Самара, улица Победы, 101",40
https://samara.hh.ru/vacancy/30629529,"Безымянка, Самара, улица Победы, 101",40
https://samara.hh.ru/vacancy/30497950,"Безымянка, Самара, улица Свободы",40
https://samara.hh.ru/vacancy/30557071,"Гагаринская, Самара, Гаражная улица, 11А",40
https://samara.hh.ru/vacancy/30493194,"Гагаринская, Самара, Московское шоссе, 41",40
https://samara.hh.ru/vacancy/30528411,"Гагаринская, Самара, Партизанская улица, 33",40
https://samara.hh.ru/vacancy/30685242,"Гагаринская, Самара, Революционная улица, 70Г",40
https://samara.hh.ru/vacancy/30415023,"Гагаринская, Самара, Революционная улица, 70с2",40
https://samara.hh.ru/vacancy/30633900,"Гагаринская, Самара, улица Дзержинского, 52к3",40
https://samara.hh.ru/vacancy/30367974,"Гагаринская, Самара, улица Дзержинского, 52к3",40
https://samara.hh.ru/vacancy/30373421,"Кировская, Самара, Кабельная улица, 34",40
https://samara.hh.ru/vacancy/30319743,"Кировская, Самара, проспект Кирова, 22б",40
https://samara.hh.ru/vacancy/30310375,"Кировская, Самара, проспект Кирова, 24",40
https://samara.hh.ru/vacancy/30752343,"Московская, Самара, улица Авроры, 150/1",40
https://samara.hh.ru/vacancy/30532722,"Победа, Самара, 2-й Безымянный переулок, 1",40
https://samara.hh.ru/vacancy/30761925,"Российская, Самара, 6-я просека, 153",40
https://samara.hh.ru/vacancy/30383214,"Российская, Самара, Дачная улица, 24",40
https://samara.hh.ru/vacancy/29835731,"Российская, Самара, Московское шоссе, 4А (Скала-Холл)",40
https://samara.hh.ru/vacancy/30504467,"Российская, Самара, Ново-Садовая улица, 160Дс2",40
https://samara.hh.ru/vacancy/30303585,"Российская, Самара, Ульяновская улица, 18",40
https://samara.hh.ru/vacancy/30535200,"Российская, Самара, улица Луначарского, 5",40
https://samara.hh.ru/vacancy/30617506,"Российская, Самара, улица Скляренко, 26",40
https://samara.hh.ru/vacancy/30608568,"Самара, Московская, ",40
https://samara.hh.ru/vacancy/30582621,"Самара, Московская, ",40
https://samara.hh.ru/vacancy/30511557,"Самара, Российская, ",40
https://samara.hh.ru/vacancy/30558490,"Самара, Российская, ",40
https://samara.hh.ru/vacancy/30571758,"Самара, Спортивная, ",40
https://samara.hh.ru/vacancy/30333871,"Советская, Самара, улица Дыбенко, 122",40
https://samara.hh.ru/vacancy/30622968,"Советская, Самара, улица Дыбенко, 122",40
https://samara.hh.ru/vacancy/30674096,"Советская, Самара, улица Санфировой, 95с4",40
https://samara.hh.ru/vacancy/30736698,"Спортивная, Самара, Московское шоссе, 21",40
https://samara.hh.ru/vacancy/30424961,"Спортивная, Самара, улица Дыбенко, 27Б",40
https://samara.hh.ru/vacancy/30691097,"Спортивная, Самара, улица Дыбенко, 36",40
https://samara.hh.ru/vacancy/30411352,"Спортивная, Самара, улица Дыбенко, 36",40
https://samara.hh.ru/vacancy/30436626,"Спортивная, Самара, улица Советской Армии, 180/1",40
https://samara.hh.ru/vacancy/30294276,"Юнгородок, Самара, улица Земеца, 4",40
https://samara.hh.ru/vacancy/30486839,"Юнгородок, Самара, улица Земеца, 4",40
https://samara.hh.ru/vacancy/30458688,"Алабинская, Самара, Вилоновская улица, 18",41
https://samara.hh.ru/vacancy/30551943,"Алабинская, Самара, Галактионовская улица, 157",42
https://samara.hh.ru/vacancy/30738690,"Алабинская, Самара, улица Мичурина, 52",42
https://samara.hh.ru/vacancy/30637769,"Гагаринская, Самара, Загородная, 1",42
https://samara.hh.ru/vacancy/22558838,"Гагаринская, Самара, Революционная улица, 126",42
https://samara.hh.ru/vacancy/30446305,"Гагаринская, Самара, Революционная улица, 70Г",42
https://samara.hh.ru/vacancy/30766558,"Кировская, Самара, Кабельная, 9",42
https://samara.hh.ru/vacancy/30745442,"Московская, Самара, Московское шоссе, 17",42
https://samara.hh.ru/vacancy/30538491,"Московская, Самара, Московское шоссе, 4к15",42
https://samara.hh.ru/vacancy/30769331,"Московская, Самара, Московское шоссе, 4с9",42
https://samara.hh.ru/vacancy/30343556,"Победа, Самара, Кабельная улица, 8",42
https://samara.hh.ru/vacancy/30560836,"Победа, Самара, Средне-Садовая улица",42
https://samara.hh.ru/vacancy/30593714,"Победа, Самара, Черемшанская улица, 93А",42
https://samara.hh.ru/vacancy/30593610,"Российская, Самара, 6-я просека, 129",42
https://samara.hh.ru/vacancy/30650687,"Российская, Самара, Ново-Садовая улица, 106литО",42
https://samara.hh.ru/vacancy/30331782,"Самара, Московская, ",42
https://samara.hh.ru/vacancy/26813800,"Самара, Российская, ",42
https://samara.hh.ru/vacancy/30384055,"Самара, Спортивная, ",42
https://samara.hh.ru/vacancy/30676565,"Самара, Чкаловская, Москва, Нижняя Сыромятническая улица, 10с2",42
https://samara.hh.ru/vacancy/30325218,"Советская, Самара, 2-й Безымянный переулок",42
https://samara.hh.ru/vacancy/30717687,"Юнгородок, Самара, посёлок Чкалова, 105",42
https://samara.hh.ru/vacancy/30573680,"Алабинская, Самара",43
https://samara.hh.ru/vacancy/30756675,"Алабинская, Самара, Спортивная улица, 5к1",44
https://samara.hh.ru/vacancy/30745724,"Московская, Самара, улица Академика Павлова, 80",44
https://samara.hh.ru/vacancy/30463843,"Российская, Самара, улица Мичурина, 64",44
https://samara.hh.ru/vacancy/30434373,"Алабинская, Самара, Дачная улица, 2",45
https://samara.hh.ru/vacancy/30512418,"Алабинская, Самара, Садовая улица, 137",45
https://samara.hh.ru/vacancy/30490851,"Алабинская, Самара, Садовая улица, 200",45
https://samara.hh.ru/vacancy/30666774,"Алабинская, Самара, улица Братьев Коростелёвых, 44",45
https://samara.hh.ru/vacancy/30571325,"Алабинская, Самара, улица Льва Толстого, 123",45
https://samara.hh.ru/vacancy/30366400,"Безымянка, Самара, Ново-Вокзальный тупик",45
https://samara.hh.ru/vacancy/30402790,"Гагаринская, Самара, Аэродромная, 45",45
https://samara.hh.ru/vacancy/30412743,"Московская, Самара, проспект Карла Маркса, 201Б",45
https://samara.hh.ru/vacancy/30345861,"Московская, Самара, улица Мичурина, 21",45
https://samara.hh.ru/vacancy/30405743,"Победа, Самара, Заводское шоссе, 101А",45
https://samara.hh.ru/vacancy/30751154,"Победа, Самара, Заводское шоссе, 14Ак1",45
https://samara.hh.ru/vacancy/30698554,"Российская, Самара, 5-я просека",45
https://samara.hh.ru/vacancy/30718798,"Спортивная, Самара, улица Гастелло, 42Б",45
https://samara.hh.ru/vacancy/30509914,"Спортивная, Самара, улица Дыбенко, 27Б",45
https://samara.hh.ru/vacancy/30617992,"Спортивная, Самара, улица Дыбенко, 30",45
https://samara.hh.ru/vacancy/30296713,"Юнгородок, Самара, Товарная улица, 8",45
https://samara.hh.ru/vacancy/30599466,"Юнгородок, Самара, Товарная улица, 8",45
https://samara.hh.ru/vacancy/25451994,"Безымянка, Самара, Ново-Вокзальный тупик, 21/36",46
https://samara.hh.ru/vacancy/30637412,"Безымянка, Самара, улица Елизарова, 103",46
https://samara.hh.ru/vacancy/30495060,"Московская, Самара, Московское шоссе, 4с9",46
https://samara.hh.ru/vacancy/30697910,"Российская, Самара, 5-я просека",46
https://samara.hh.ru/vacancy/30715066,"Российская, Самара, 5-я просека",46
https://samara.hh.ru/vacancy/30677386,"Алабинская, Самара, Галактионовская улица, 157",47
https://samara.hh.ru/vacancy/30395253,"Алабинская, Самара, Галактионовская улица, 157",47
https://samara.hh.ru/vacancy/30476437,"Алабинская, Самара, Галактионовская улица, 157",47
https://samara.hh.ru/vacancy/30457465,"Алабинская, Самара, Галактионовская улица, 157",47
https://samara.hh.ru/vacancy/30550874,"Алабинская, Самара, Галактионовская улица, 157",47
https://samara.hh.ru/vacancy/30589663,"Алабинская, Самара, Галактионовская улица, 157",47
https://samara.hh.ru/vacancy/30677340,"Алабинская, Самара, Галактионовская улица, 157",47
https://samara.hh.ru/vacancy/30395270,"Алабинская, Самара, Галактионовская улица, 157",47
https://samara.hh.ru/vacancy/30508463,"Алабинская, Самара, Галактионовская улица, 157",47
https://samara.hh.ru/vacancy/30370505,"Алабинская, Самара, Галактионовская улица, 157",47
https://samara.hh.ru/vacancy/30395239,"Алабинская, Самара, Галактионовская улица, 157",47
https://samara.hh.ru/vacancy/30663257,"Алабинская, Самара, Галактионовская улица, 157",47
https://samara.hh.ru/vacancy/30589885,"Алабинская, Самара, Галактионовская улица, 157",47
https://samara.hh.ru/vacancy/30445064,"Алабинская, Самара, Галактионовская улица, 157",47
https://samara.hh.ru/vacancy/30445254,"Алабинская, Самара, Галактионовская улица, 157",47
https://samara.hh.ru/vacancy/30370598,"Алабинская, Самара, Галактионовская улица, 157",47
https://samara.hh.ru/vacancy/30572048,"Алабинская, Самара, Галактионовская улица, 157",47
https://samara.hh.ru/vacancy/29742633,"Алабинская, Самара, улица Льва Толстого, 123",47
https://samara.hh.ru/vacancy/30473670,"Безымянка, Самара, Московское шоссе",47
https://samara.hh.ru/vacancy/30452276,"Московская, Самара, Первая линия",47
https://samara.hh.ru/vacancy/30298088,"Самара, Победа, ",47
https://samara.hh.ru/vacancy/30662939,"Алабинская, Самара, Лесная улица, 23к100",48
https://samara.hh.ru/vacancy/22680794,"Гагаринская, Самара, Революционная улица, 126",48
https://samara.hh.ru/vacancy/30243274,"Победа, Самара, проезд Мальцева, 9",48
https://samara.hh.ru/vacancy/26384690,"Российская, Самара, Дачная улица, 24",48
https://samara.hh.ru/vacancy/30141393,"Российская, Самара, Ново-Садовая улица, 140",48
https://samara.hh.ru/vacancy/30548286,"Российская, Самара, улица Скляренко, 26",48
https://samara.hh.ru/vacancy/30614781,"Советская, Самара, Заводское шоссе, 15",48
https://samara.hh.ru/vacancy/30647667,"Спортивная, Самара, улица Антонова-Овсеенко, 59Б",48
https://samara.hh.ru/vacancy/29391391,"Спортивная, Самара, улица Дыбенко, 27А",48
https://samara.hh.ru/vacancy/29392117,"Спортивная, Самара, улица Дыбенко, 30",48
https://samara.hh.ru/vacancy/29992689,"Алабинская, Самара, Вилоновская улица, 18",50
https://samara.hh.ru/vacancy/29459045,"Алабинская, Самара, Вилоновская улица, 18",50
https://samara.hh.ru/vacancy/30047913,"Алабинская, Самара, Лесная улица, 35",50
https://samara.hh.ru/vacancy/30726277,"Алабинская, Самара, Лесная улица, 35",50
https://samara.hh.ru/vacancy/30606825,"Алабинская, Самара, Ново-Садовая улица, 3",50
https://samara.hh.ru/vacancy/30374233,"Алабинская, Самара, Самарская улица, 168",50
https://samara.hh.ru/vacancy/30453631,"Алабинская, Самара, улица Льва Толстого, 123",50
https://samara.hh.ru/vacancy/30516786,"Алабинская, Самара, улица Льва Толстого, 123",50
https://samara.hh.ru/vacancy/30722630,"Безымянка, Самара, Ново-Вокзальный тупик, 21/36",50
https://samara.hh.ru/vacancy/30519486,"Безымянка, Самара, Пугачевская улица, 73",50
https://samara.hh.ru/vacancy/30611294,"Безымянка, Самара, улица Свободы",50
https://samara.hh.ru/vacancy/23191229,"Гагаринская, Самара, Дзержинского, 46",50
https://samara.hh.ru/vacancy/30469492,"Московская, Самара, Московское шоссе, 17",50
https://samara.hh.ru/vacancy/30738610,"Московская, Самара, Партизанская улица, 12/1",50
https://samara.hh.ru/vacancy/30696059,"Московская, Самара, Пролетарская, 177а",50
https://samara.hh.ru/vacancy/30356106,"Победа, Самара, проезд Мальцева, 7к6",50
https://samara.hh.ru/vacancy/30238690,"Российская, Самара, 5-я просека, 99Б",50
https://samara.hh.ru/vacancy/30761102,"Российская, Самара, Ново-Садовая улица, 155",50
https://samara.hh.ru/vacancy/30031041,"Российская, Самара, улица Скляренко, 26",50
https://samara.hh.ru/vacancy/30333110,"Самара, Гагаринская, ",50
https://samara.hh.ru/vacancy/30455390,"Самара, Спортивная, ",50
https://samara.hh.ru/vacancy/30505942,"Советская, Самара, Антонова-Овсеенко, 44 А  5 эт.",50
https://samara.hh.ru/vacancy/23793654,"Спортивная, Самара, Московское шоссе, 21",50
https://samara.hh.ru/vacancy/30534480,"Спортивная, Самара, Советский район, Южный проезд, 110",50
https://samara.hh.ru/vacancy/30467621,"Спортивная, Самара, улица Авроры, 122",50
https://samara.hh.ru/vacancy/30730446,"Спортивная, Самара, улица Авроры, 150А",50
https://samara.hh.ru/vacancy/30297704,"Спортивная, Самара, улица Дыбенко, 30",50
https://samara.hh.ru/vacancy/30597472,"Юнгородок, Самара, Первая линия, метро Юнгородок",50
https://samara.hh.ru/vacancy/30756224,"Юнгородок, Самара, Товарная улица, 16",50
https://samara.hh.ru/vacancy/30599742,"Юнгородок, Самара, Товарная улица, 8",50
https://samara.hh.ru/vacancy/29958770,"Московская, Самара, Чернореченская улица, 38",51
https://samara.hh.ru/vacancy/30600458,"Алабинская, Самара, Садовая улица, 280",52
https://samara.hh.ru/vacancy/30382226,"Гагаринская, Самара, Революционная улица, 70с2",52
https://samara.hh.ru/vacancy/30644337,"Гагаринская, Самара, Революционная улица, 76",52
https://samara.hh.ru/vacancy/30696074,"Московская, Самара, Пролетарская, 177а",52
https://samara.hh.ru/vacancy/30535674,"Российская, Самара, улица Скляренко, 26",52
https://samara.hh.ru/vacancy/30775822,"Самара, Московская, ",52
https://samara.hh.ru/vacancy/30496034,"Московская, Самара, Первая линия, метро Московская",54
https://samara.hh.ru/vacancy/29184690,"Победа, Самара, проезд Мальцева, 9",54
https://samara.hh.ru/vacancy/30334619,"Алабинская, Самара, Галактионовская улица, 157",55
https://samara.hh.ru/vacancy/30367176,"Алабинская, Самара, Галактионовская улица, 157",55
https://samara.hh.ru/vacancy/30335339,"Алабинская, Самара, Галактионовская улица, 157",55
https://samara.hh.ru/vacancy/30440545,"Алабинская, Самара, Галактионовская улица, 157",55
https://samara.hh.ru/vacancy/30676512,"Алабинская, Самара, Галактионовская улица, 157",55
https://samara.hh.ru/vacancy/30335092,"Алабинская, Самара, Галактионовская улица, 157",55
https://samara.hh.ru/vacancy/30618382,"Алабинская, Самара, Лесная улица, 23к100",55
https://samara.hh.ru/vacancy/30660964,"Алабинская, Самара, Лесная улица, 23к100",55
https://samara.hh.ru/vacancy/30340274,"Алабинская, Самара, Ново-Садовая улица, 44",55
https://samara.hh.ru/vacancy/30641018,"Алабинская, Самара, улица Льва Толстого, 123",55
https://samara.hh.ru/vacancy/30369083,"Гагаринская, Самара, улица Мяги, 10а",55
https://samara.hh.ru/vacancy/30601269,"Кировская, Самара, Ветлянская улица, 2А",55
https://samara.hh.ru/vacancy/30066656,"Московская, Самара, Московское шоссе, 4с9",55
https://samara.hh.ru/vacancy/28558180,"Московская, Самара, Московское шоссе, 4с9",55
https://samara.hh.ru/vacancy/30634605,"Московская, Самара, улица Авроры, 150/1",55
https://samara.hh.ru/vacancy/30146480,"Победа, Самара, улица Гагарина, 175",55
https://samara.hh.ru/vacancy/30569069,"Победа, Самара, улица Гагарина, 175",55
https://samara.hh.ru/vacancy/30368275,"Российская, Самара, Московское шоссе, 4А (Скала-Холл)",55
https://samara.hh.ru/vacancy/30624913,"Российская, Самара, Ново-Садовая улица, 106",55
https://samara.hh.ru/vacancy/30675560,"Российская, Самара, проспект Масленникова, 4",55
https://samara.hh.ru/vacancy/30438527,"Самара, Гагаринская, ",55
https://samara.hh.ru/vacancy/26824066,"Самара, Российская, ",55
https://samara.hh.ru/vacancy/30570463,"Советская, Самара, 2-й Безымянный переулок",55
https://samara.hh.ru/vacancy/30737300,"Спортивная, Самара, Московское шоссе, 21",55
https://samara.hh.ru/vacancy/30737418,"Спортивная, Самара, улица Дыбенко, 23",55
https://samara.hh.ru/vacancy/30507203,"Победа, Самара, Заводское шоссе, 1",56
https://samara.hh.ru/vacancy/30320873,"Российская, Самара, Ленинская улица, 224",56
https://samara.hh.ru/vacancy/30733074,"Российская, Самара, улица Мичурина, 126",56
https://samara.hh.ru/vacancy/30297394,"Самара, Российская, ",56
https://samara.hh.ru/vacancy/30384009,"Самара, Спортивная, ",57
https://samara.hh.ru/vacancy/30548403,"Юнгородок, Самара, Товарная, 72 Б",57
https://samara.hh.ru/vacancy/30459103,"Алабинская, Самара, Вилоновская улица, 18",60
https://samara.hh.ru/vacancy/30548016,"Алабинская, Самара, Ленинградская улица, 38",60
https://samara.hh.ru/vacancy/30607880,"Алабинская, Самара, Лесная улица, 31",60
https://samara.hh.ru/vacancy/30427524,"Алабинская, Самара, улица Алексея Толстого, 75",60
https://samara.hh.ru/vacancy/30252772,"Алабинская, Самара, улица Льва Толстого, 123",60
https://samara.hh.ru/vacancy/30420071,"Алабинская, Самара, улица Осипенко, 3с4",60
https://samara.hh.ru/vacancy/30721136,"Безымянка, Самара, Московское шоссе, 284А",60
https://samara.hh.ru/vacancy/30697585,"Безымянка, Самара, Профильная улица, 51",60
https://samara.hh.ru/vacancy/28221490,"Гагаринская, Самара, Дзержинского, 46",60
https://samara.hh.ru/vacancy/19840216,"Гагаринская, Самара, Дзержинского, 46",60
https://samara.hh.ru/vacancy/30628661,"Гагаринская, Самара, Революционная улица, 126",60
https://samara.hh.ru/vacancy/30687874,"Гагаринская, Самара, улица Санфировой, 95лит4",60
https://samara.hh.ru/vacancy/29576128,"Московская, Самара, Московское шоссе, 4ас2",60
https://samara.hh.ru/vacancy/30759359,"Московская, Самара, Московское шоссе, 4с9",60
https://samara.hh.ru/vacancy/30738768,"Московская, Самара, Неверова, 33",60
https://samara.hh.ru/vacancy/30739409,"Московская, Самара, Неверова, 33",60
https://samara.hh.ru/vacancy/30487097,"Российская, Самара, улица Академика Павлова, 35",60
https://samara.hh.ru/vacancy/30738190,"Спортивная, Самара, Московское шоссе, 21",60
https://samara.hh.ru/vacancy/30736898,"Спортивная, Самара, Московское шоссе, 21",60
https://samara.hh.ru/vacancy/29931598,"Спортивная, Самара, улица Гастелло, 35А",60
https://samara.hh.ru/vacancy/26749457,"Спортивная, Самара, улица Гастелло, 42Б",60
https://samara.hh.ru/vacancy/30654152,"Спортивная, Самара, улица Мориса Тореза, 79",60
https://samara.hh.ru/vacancy/30277290,"Спортивная, Самара, улица Советской Армии, 180/1",60
https://samara.hh.ru/vacancy/30729464,"Спортивная, Самара, улица Советской Армии, 180/1",60
https://samara.hh.ru/vacancy/29549850,"Юнгородок, Самара, Олимпийская улица, 57В",60
https://samara.hh.ru/vacancy/30730254,"Юнгородок, Самара, Товарная улица, 2/1",60
https://samara.hh.ru/vacancy/30692035,"Алабинская, Самара, Рабочая улица, 43",62
https://samara.hh.ru/vacancy/29915397,"Московская, Самара, Московское шоссе, 4с9",62
https://samara.hh.ru/vacancy/30197428,"Победа, Самара, Профильная улица, 51",62
https://samara.hh.ru/vacancy/30666379,"Победа, Самара, проезд Мальцева, 7",62
https://samara.hh.ru/vacancy/30514656,"Алабинская, Самара, Ульяновская улица, 52",64
https://samara.hh.ru/vacancy/30532752,"Алабинская, Самара, улица Степана Разина, 134А",64
https://samara.hh.ru/vacancy/30112690,"Безымянка, Самара, Мирная улица, 162Б",64
https://samara.hh.ru/vacancy/30000475,"Победа, Самара, проезд Мальцева, 9",64
https://samara.hh.ru/vacancy/30534380,"Российская, Самара, улица Врубеля, 17",64
https://samara.hh.ru/vacancy/30662815,"Российская, Самара, улица Скляренко, 26",64
https://samara.hh.ru/vacancy/30392611,"Самара, Бабушкинская, ",64
https://samara.hh.ru/vacancy/30347497,"Алабинская, Самара, Садовая улица, 200",65
https://samara.hh.ru/vacancy/30175357,"Алабинская, Самара, Товарная улица, 5",65
https://samara.hh.ru/vacancy/30659661,"Кировская, Самара, Физкультурная улица, 147",65
https://samara.hh.ru/vacancy/30439056,"Самара, Гагаринская, ",65
https://samara.hh.ru/vacancy/23793215,"Спортивная, Самара, Московское шоссе, 21",65
https://samara.hh.ru/vacancy/30302665,"Юнгородок, Самара, улица Литвинова, 386",65
https://samara.hh.ru/vacancy/30495711,"Самара, Речной вокзал, Москва, Смольная улица, 24д",66
https://samara.hh.ru/vacancy/30308869,"Спортивная, Самара, улица Гагарина, 82А",67
https://samara.hh.ru/vacancy/30440359,"Юнгородок, Самара, Товарная улица, 74Б",67
https://samara.hh.ru/vacancy/30306875,"Алабинская, Самара, Дачная улица, 2к2",68
https://samara.hh.ru/vacancy/30572057,"Алабинская, Самара, Ново-Садовая улица, 17",70
https://samara.hh.ru/vacancy/30473976,"Алабинская, Самара, Садовая улица, 200",70
https://samara.hh.ru/vacancy/30471821,"Алабинская, Самара, Самарская улица",70
https://samara.hh.ru/vacancy/30629985,"Безымянка, Самара, Черемшанская улица, 89",70
https://samara.hh.ru/vacancy/30423747,"Гагаринская, Самара, Партизанская улица, 19",70
https://samara.hh.ru/vacancy/30680565,"Самара, Нагатинская, Москва, Варшавское шоссе, 26",70
https://samara.hh.ru/vacancy/29650052,"Советская, Самара, Широкая, 6",70
https://samara.hh.ru/vacancy/30760868,"Спортивная, Самара, улица Советской Армии, 180/1",70
https://samara.hh.ru/vacancy/30641842,"Алабинская, Самара",72
https://samara.hh.ru/vacancy/29477911,"Гагаринская, Самара, Гродненская, 17",72
https://samara.hh.ru/vacancy/30484128,"Гагаринская, Самара, Революционная улица, 70с2",72
https://samara.hh.ru/vacancy/30210245,"Российская, Самара, Красноармейская улица, 93",72
https://samara.hh.ru/vacancy/30638184,"Гагаринская, Самара, Революционная улица, 70с3",75
https://samara.hh.ru/vacancy/26813806,"Самара, Российская, ",75
https://samara.hh.ru/vacancy/30440654,"Юнгородок, Самара, Товарная улица, 74Б",75
https://samara.hh.ru/vacancy/30453282,"Алабинская, Самара, Ленинградская улица, 38",80
https://samara.hh.ru/vacancy/29870789,"Алабинская, Самара, Ленинская улица, 168",80
https://samara.hh.ru/vacancy/26369807,"Российская, Самара, Дачная улица, 24",80
https://samara.hh.ru/vacancy/29669847,"Российская, Самара, Красноармейская улица, 93",80
https://samara.hh.ru/vacancy/30548231,"Российская, Самара, улица Скляренко, 26",80
https://samara.hh.ru/vacancy/30301296,"Спортивная, Самара, улица Дыбенко, 27А",80
https://samara.hh.ru/vacancy/30711769,"Безымянка, Самара, Ново-Вокзальный тупик, 21/36",83
https://samara.hh.ru/vacancy/28461038,"Безымянка, Самара, Ново-Вокзальный тупик, 21/36",83
https://samara.hh.ru/vacancy/30440229,"Московская, Самара, проспект Карла Маркса, 55",85
https://samara.hh.ru/vacancy/30457546,"Алабинская, Самара, Лесная улица, 23к100",90
https://samara.hh.ru/vacancy/30295760,"Самара, Кировская, ",92
https://samara.hh.ru/vacancy/30523994,"Советская, Самара, Заводское шоссе, 15",92
https://samara.hh.ru/vacancy/30712913,"Алабинская, Самара, Галактионовская улица, 157",96
https://samara.hh.ru/vacancy/29966718,"Российская, Самара, улица Скляренко, 26",96
https://samara.hh.ru/vacancy/29863186,"Безымянка, Самара, Ново-Вокзальный тупик, 21/36",99
https://samara.hh.ru/vacancy/30670176,"Алабинская, Самара",100
https://samara.hh.ru/vacancy/30670094,"Алабинская, Самара",100
https://samara.hh.ru/vacancy/30593606,"Алабинская, Самара, Садовая улица, 137",100
https://samara.hh.ru/vacancy/30641203,"Алабинская, Самара, улица Льва Толстого, 123",100
https://samara.hh.ru/vacancy/30677313,"Алабинская, Самара, улица Льва Толстого, 123",100
https://samara.hh.ru/vacancy/29273109,"Алабинская, Самара, Ново-Садовая улица, 25",105
https://samara.hh.ru/vacancy/30385021,"Спортивная, Самара, улица Дыбенко, 27А",105
https://samara.hh.ru/vacancy/30384896,"Спортивная, Самара, улица Дыбенко, 27А",105
https://samara.hh.ru/vacancy/30300974,"Алабинская, Самара, Пензенская улица, 18",112
https://samara.hh.ru/vacancy/30638792,"Российская, Самара, Ново-Садовая улица, 265А",125
https://samara.hh.ru/vacancy/30446715,"Спортивная, Самара, улица Дыбенко, 27Б",125
https://samara.hh.ru/vacancy/30329779,"Российская, Самара, проспект Ленина, 2Б",135
https://samara.hh.ru/vacancy/30329725,"Российская, Самара, проспект Ленина, 2Б",140
https://samara.hh.ru/vacancy/30521717,"Российская, Самара, проспект Ленина, 2Б",150
https://samara.hh.ru/vacancy/30761763,"Российская, Самара, улица Скляренко, 26",160
https://samara.hh.ru/vacancy/30394594,"Спортивная, Самара, улица Дыбенко, 27А",160
https://samara.hh.ru/vacancy/30593191,"Российская, Самара, Ново-Садовая улица, 271",180
